PRAGMA foreign_keys=OFF;
BEGIN TRANSACTION;
CREATE TABLE IF NOT EXISTS "Album" (
    pk INTEGER NOT NULL,
    name VARCHAR(512),
    PRIMARY KEY (pk)
);
INSERT INTO Album VALUES(1,'100 Hits 2000s Anthems');
INSERT INTO Album VALUES(2,'Dangerously In Love');
INSERT INTO Album VALUES(3,'Greatest Hits');
INSERT INTO Album VALUES(4,'Ministry of Sound - The Annual 2007 - CD 1');
INSERT INTO Album VALUES(5,'Whatever People Say I Am, That''s What I''m Not');
INSERT INTO Album VALUES(6,'Alright, Still...');
INSERT INTO Album VALUES(7,'Scissor Sisters');
INSERT INTO Album VALUES(8,'I Love Disco - Ministry of Sound');
INSERT INTO Album VALUES(9,'100 Hits 80s Essentials');
INSERT INTO Album VALUES(10,'1999');
INSERT INTO Album VALUES(11,'Purple Rain');
INSERT INTO Album VALUES(12,'Eighties');
INSERT INTO Album VALUES(13,'The 50s 60 Classic Fifties Hits');
INSERT INTO Album VALUES(14,'Ultimate Guitar Legends');
INSERT INTO Album VALUES(15,'100 Hits Guitar Heroes Disc 3');
INSERT INTO Album VALUES(16,'100 Hits Guitar Heroes Disc 1');
INSERT INTO Album VALUES(17,'100 Hits Guitar Heroes');
INSERT INTO Album VALUES(18,'Ultimate Guitar Legends Disc 2');
INSERT INTO Album VALUES(19,'100 Hits  Guitar Heroes Disc 4');
INSERT INTO Album VALUES(20,'100 Hits Guitar Heroes Disc 2');
INSERT INTO Album VALUES(21,'Ultimate Guitar Legends Disc 3');
INSERT INTO Album VALUES(22,'Motown Anthems Disc 1');
INSERT INTO Album VALUES(23,'Motown Anthems Disc 2');
INSERT INTO Album VALUES(24,'Motown Anthems Disc 3');
INSERT INTO Album VALUES(25,'Motown Anthems Disc 4');
INSERT INTO Album VALUES(26,'The Rock Album [Explicit]');
INSERT INTO Album VALUES(27,'The Best Of The Doors - CD1');
INSERT INTO Album VALUES(28,'Rage Against The Machine');
INSERT INTO Album VALUES(29,'Icky Thump');
INSERT INTO Album VALUES(30,'Everything Must Go');
INSERT INTO Album VALUES(31,'Are You Experienced ?');
INSERT INTO Album VALUES(32,'The Seventies Album');
INSERT INTO Album VALUES(33,'The Sixties Album');
INSERT INTO Album VALUES(34,'100 Hits: The Best Soul Album');
INSERT INTO Album VALUES(35,'Top Of The Pops 2001 - 2006 [Disc 1]');
INSERT INTO Album VALUES(36,'Top Of The Pops 2001 - 2006 [Disc 3]');
INSERT INTO Album VALUES(37,'Top Of The Pops 2001 - 2006 [Disc 2]');
CREATE TABLE IF NOT EXISTS "Artist" (
    pk INTEGER NOT NULL, 
    name VARCHAR(512), 
    PRIMARY KEY (pk)
);
INSERT INTO Artist VALUES(1,'The Zutons');
INSERT INTO Artist VALUES(2,'Reef');
INSERT INTO Artist VALUES(3,'Toploader');
INSERT INTO Artist VALUES(4,'The Calling');
INSERT INTO Artist VALUES(5,'Wheatus');
INSERT INTO Artist VALUES(6,'Deacon Blue');
INSERT INTO Artist VALUES(7,'A1');
INSERT INTO Artist VALUES(8,'J-Kwon');
INSERT INTO Artist VALUES(9,'Wu-Tang Clan');
INSERT INTO Artist VALUES(10,'Groove Armada');
INSERT INTO Artist VALUES(11,'Faithless');
INSERT INTO Artist VALUES(12,'Rogue Traders');
INSERT INTO Artist VALUES(13,'DJ Otzi');
INSERT INTO Artist VALUES(14,'Dj Sammy');
INSERT INTO Artist VALUES(15,'Phats & Small');
INSERT INTO Artist VALUES(16,'Panjabi MC');
INSERT INTO Artist VALUES(17,'Amerie');
INSERT INTO Artist VALUES(18,'Charlotte Church');
INSERT INTO Artist VALUES(19,'Jessica Simpson');
INSERT INTO Artist VALUES(20,'Mary Mary');
INSERT INTO Artist VALUES(21,'Heather Small');
INSERT INTO Artist VALUES(22,'Natasha Bedingfield');
INSERT INTO Artist VALUES(23,'Sarah Whatmore');
INSERT INTO Artist VALUES(24,'Uniting Nations');
INSERT INTO Artist VALUES(25,'Sunset Strippers');
INSERT INTO Artist VALUES(26,'Big Brovaz');
INSERT INTO Artist VALUES(27,'The Hoosiers');
INSERT INTO Artist VALUES(28,'Gareth Gates');
INSERT INTO Artist VALUES(29,'Buffalo G');
INSERT INTO Artist VALUES(30,'Lemar');
INSERT INTO Artist VALUES(31,'Debra Stephenson');
INSERT INTO Artist VALUES(32,'Editors');
INSERT INTO Artist VALUES(33,'Kosheen');
INSERT INTO Artist VALUES(34,'Steps');
INSERT INTO Artist VALUES(35,'LFO');
INSERT INTO Artist VALUES(36,'Love Inc');
INSERT INTO Artist VALUES(37,'Beyonce');
INSERT INTO Artist VALUES(38,'Bjork');
INSERT INTO Artist VALUES(39,'Fedde Le Grand');
INSERT INTO Artist VALUES(40,'Goldie Lookin'' Chain');
INSERT INTO Artist VALUES(41,'Arctic Monkeys');
INSERT INTO Artist VALUES(42,'Lily Allen');
INSERT INTO Artist VALUES(43,'Scissor Sisters');
INSERT INTO Artist VALUES(44,'Michael Jackson');
INSERT INTO Artist VALUES(45,'Chic');
INSERT INTO Artist VALUES(46,'Earth Wind & Fire');
INSERT INTO Artist VALUES(47,'Indeep');
INSERT INTO Artist VALUES(48,'Sister Sledge');
INSERT INTO Artist VALUES(49,'Chaka Khan');
INSERT INTO Artist VALUES(50,'Kool and The Gang');
INSERT INTO Artist VALUES(51,'Diana Ross');
INSERT INTO Artist VALUES(52,'Sylvester');
INSERT INTO Artist VALUES(53,'The Emotions');
INSERT INTO Artist VALUES(54,'Shalamar');
INSERT INTO Artist VALUES(55,'Candi Staton');
INSERT INTO Artist VALUES(56,'Loleatta Holloway');
INSERT INTO Artist VALUES(57,'The Average White Band');
INSERT INTO Artist VALUES(58,'The Jacksons');
INSERT INTO Artist VALUES(59,'Ottawan');
INSERT INTO Artist VALUES(60,'Earth, Wind & Fire with The Emotions');
INSERT INTO Artist VALUES(61,'McFadden & Whitehead');
INSERT INTO Artist VALUES(62,'Lipps Inc.');
INSERT INTO Artist VALUES(63,'Stacy Lattisaw');
INSERT INTO Artist VALUES(64,'Peaches & Herb');
INSERT INTO Artist VALUES(65,'Dan Hartman');
INSERT INTO Artist VALUES(66,'The Trammps');
INSERT INTO Artist VALUES(67,'Tavares');
INSERT INTO Artist VALUES(68,'Boney M.');
INSERT INTO Artist VALUES(69,'Donna Summer');
INSERT INTO Artist VALUES(70,'Heatwave');
INSERT INTO Artist VALUES(71,'Anita Ward');
INSERT INTO Artist VALUES(72,'Rose Royce');
INSERT INTO Artist VALUES(73,'Frantique');
INSERT INTO Artist VALUES(74,'Barry White');
INSERT INTO Artist VALUES(75,'The Whispers');
INSERT INTO Artist VALUES(76,'George Benson');
INSERT INTO Artist VALUES(77,'Gloria Gaynor');
INSERT INTO Artist VALUES(78,'Belinda Carlisle');
INSERT INTO Artist VALUES(79,'Bros');
INSERT INTO Artist VALUES(80,'Rick Astley');
INSERT INTO Artist VALUES(81,'Kenny Loggins');
INSERT INTO Artist VALUES(82,'Wham!');
INSERT INTO Artist VALUES(83,'The Thompson Twins');
INSERT INTO Artist VALUES(84,'The Kids From "Fame"');
INSERT INTO Artist VALUES(85,'Bucks Fizz');
INSERT INTO Artist VALUES(86,'Hall & Oates');
INSERT INTO Artist VALUES(87,'Boy Meets Girl');
INSERT INTO Artist VALUES(88,'Bow Wow Wow');
INSERT INTO Artist VALUES(89,'Billy Ocean');
INSERT INTO Artist VALUES(90,'Eighth Wonder');
INSERT INTO Artist VALUES(91,'Miami Sound Machine');
INSERT INTO Artist VALUES(92,'Japan');
INSERT INTO Artist VALUES(93,'Paul Young');
INSERT INTO Artist VALUES(94,'Nick Heyward');
INSERT INTO Artist VALUES(95,'Ray Parker Jr');
INSERT INTO Artist VALUES(96,'Haircut 100');
INSERT INTO Artist VALUES(97,'Five Star');
INSERT INTO Artist VALUES(98,'Liza Minnelli');
INSERT INTO Artist VALUES(99,'Matthew Wilder');
INSERT INTO Artist VALUES(100,'King');
INSERT INTO Artist VALUES(101,'Shakin'' Stevens');
INSERT INTO Artist VALUES(102,'Owen Paul');
INSERT INTO Artist VALUES(103,'The Blow Monkeys');
INSERT INTO Artist VALUES(104,'The Lotus Eaters');
INSERT INTO Artist VALUES(105,'The Psychedelic Furs');
INSERT INTO Artist VALUES(106,'Adam & The Ants');
INSERT INTO Artist VALUES(107,'The Bangles');
INSERT INTO Artist VALUES(108,'Dead Or Alive');
INSERT INTO Artist VALUES(109,'Furniture');
INSERT INTO Artist VALUES(110,'Electric Light Orchestra');
INSERT INTO Artist VALUES(111,'Prince');
INSERT INTO Artist VALUES(112,'Queen & David Bowie');
INSERT INTO Artist VALUES(113,'Eddie Cochran');
INSERT INTO Artist VALUES(114,'Bill Haley & His Comets');
INSERT INTO Artist VALUES(115,'Cliff Richard & The Shadows');
INSERT INTO Artist VALUES(116,'The Everly Brothers');
INSERT INTO Artist VALUES(117,'Little Richard');
INSERT INTO Artist VALUES(118,'The Chords');
INSERT INTO Artist VALUES(119,'Bruce Channel');
INSERT INTO Artist VALUES(120,'The Chordettes');
INSERT INTO Artist VALUES(121,'Buddy Holly');
INSERT INTO Artist VALUES(122,'Paul Anka');
INSERT INTO Artist VALUES(123,'Connie Francis');
INSERT INTO Artist VALUES(124,'Frankie Avalon');
INSERT INTO Artist VALUES(125,'Marty Wilde');
INSERT INTO Artist VALUES(126,'Fats Domino');
INSERT INTO Artist VALUES(127,'Jerry Lee Lewis');
INSERT INTO Artist VALUES(128,'The Platters');
INSERT INTO Artist VALUES(129,'Roy Orbison');
INSERT INTO Artist VALUES(130,'Carl Perkins');
INSERT INTO Artist VALUES(131,'Neil Sedaka');
INSERT INTO Artist VALUES(132,'Shirley Bassey');
INSERT INTO Artist VALUES(133,'Danny & The Juniors');
INSERT INTO Artist VALUES(134,'Wanda Jackson');
INSERT INTO Artist VALUES(135,'Perry Como');
INSERT INTO Artist VALUES(136,'Cliff Richard');
INSERT INTO Artist VALUES(137,'Nat King Cole');
INSERT INTO Artist VALUES(138,'Gene Vincent');
INSERT INTO Artist VALUES(139,'Johnnie Ray');
INSERT INTO Artist VALUES(140,'Doris Day');
INSERT INTO Artist VALUES(141,'Marvin Rainwater');
INSERT INTO Artist VALUES(142,'Billy Fury');
INSERT INTO Artist VALUES(143,'Rosemary Clooney');
INSERT INTO Artist VALUES(144,'Tony Bennett');
INSERT INTO Artist VALUES(145,'Frankie Lymon & The Teenagers');
INSERT INTO Artist VALUES(146,'The Clovers');
INSERT INTO Artist VALUES(147,'Dean Martin');
INSERT INTO Artist VALUES(148,'Buddy Knox');
INSERT INTO Artist VALUES(149,'Johnny Tillotson');
INSERT INTO Artist VALUES(150,'Big Bopper');
INSERT INTO Artist VALUES(151,'The Coasters');
INSERT INTO Artist VALUES(152,'Adam Faith');
INSERT INTO Artist VALUES(153,'Bill Haley');
INSERT INTO Artist VALUES(154,'Chuck Berry');
INSERT INTO Artist VALUES(155,'Ritchie Valens');
INSERT INTO Artist VALUES(156,'Boston');
INSERT INTO Artist VALUES(157,'Radiohead');
INSERT INTO Artist VALUES(158,'Deep Purple');
INSERT INTO Artist VALUES(159,'Sweet');
INSERT INTO Artist VALUES(160,'The Animals');
INSERT INTO Artist VALUES(161,'The Shadows');
INSERT INTO Artist VALUES(162,'Suede');
INSERT INTO Artist VALUES(163,'Ram Jam');
INSERT INTO Artist VALUES(164,'Grand Funk Railroad');
INSERT INTO Artist VALUES(165,'Alice Cooper');
INSERT INTO Artist VALUES(166,'Survivor');
INSERT INTO Artist VALUES(167,'Canned Heat');
INSERT INTO Artist VALUES(168,'Ike  Tina Turner');
INSERT INTO Artist VALUES(169,'REO Speedwagon');
INSERT INTO Artist VALUES(170,'Kansas');
INSERT INTO Artist VALUES(171,'Scorpions');
INSERT INTO Artist VALUES(172,'Donovan');
INSERT INTO Artist VALUES(173,'The Band');
INSERT INTO Artist VALUES(174,'The Dandy Warhols');
INSERT INTO Artist VALUES(175,'Johnny Kidd  The Pirates');
INSERT INTO Artist VALUES(176,'Toto');
INSERT INTO Artist VALUES(177,'The Guess Who');
INSERT INTO Artist VALUES(178,'Europe');
INSERT INTO Artist VALUES(179,'Idlewild');
INSERT INTO Artist VALUES(180,'The Byrds');
INSERT INTO Artist VALUES(181,'Jefferson Starship');
INSERT INTO Artist VALUES(182,'Fleetwood Mac');
INSERT INTO Artist VALUES(183,'Great White');
INSERT INTO Artist VALUES(184,'The Isley Brothers');
INSERT INTO Artist VALUES(185,'Blondie');
INSERT INTO Artist VALUES(186,'April Wine');
INSERT INTO Artist VALUES(187,'Judas Priest');
INSERT INTO Artist VALUES(188,'Gillan');
INSERT INTO Artist VALUES(189,'Jim Croce');
INSERT INTO Artist VALUES(190,'Blue Öyster Cult');
INSERT INTO Artist VALUES(191,'The Quireboys');
INSERT INTO Artist VALUES(192,'Johnny Winter');
INSERT INTO Artist VALUES(193,'Thunder');
INSERT INTO Artist VALUES(194,'Mott The Hoople');
INSERT INTO Artist VALUES(195,'Al Stewart');
INSERT INTO Artist VALUES(196,'Gary Moore  BB King');
INSERT INTO Artist VALUES(197,'Janes Addiction');
INSERT INTO Artist VALUES(198,'Poison');
INSERT INTO Artist VALUES(199,'Lou Reed');
INSERT INTO Artist VALUES(200,'The Doobie Brothers');
INSERT INTO Artist VALUES(201,'UFO');
INSERT INTO Artist VALUES(202,'Dave Edmunds');
INSERT INTO Artist VALUES(203,'The Jeff Healey Band');
INSERT INTO Artist VALUES(204,'Marillion');
INSERT INTO Artist VALUES(205,'McAlmont  Butler');
INSERT INTO Artist VALUES(206,'T Rex');
INSERT INTO Artist VALUES(207,'Queensrÿche');
INSERT INTO Artist VALUES(208,'The Supremes');
INSERT INTO Artist VALUES(209,'Marvin Gaye');
INSERT INTO Artist VALUES(210,'Commodores');
INSERT INTO Artist VALUES(211,'Martha & The Vandellas');
INSERT INTO Artist VALUES(212,'Stevie Wonder');
INSERT INTO Artist VALUES(213,'Lionel Richie');
INSERT INTO Artist VALUES(214,'The Jackson 5');
INSERT INTO Artist VALUES(215,'The Four Tops');
INSERT INTO Artist VALUES(216,'The Temptations');
INSERT INTO Artist VALUES(217,'Marvin Gaye; Tammi Terrell');
INSERT INTO Artist VALUES(218,'The Contours');
INSERT INTO Artist VALUES(219,'The Four Tops; The Supremes');
INSERT INTO Artist VALUES(220,'Rick James');
INSERT INTO Artist VALUES(221,'The Marvelettes');
INSERT INTO Artist VALUES(222,'Rockwell');
INSERT INTO Artist VALUES(223,'Edwin Starr');
INSERT INTO Artist VALUES(224,'Jimmy Ruffin');
INSERT INTO Artist VALUES(225,'The Miracles');
INSERT INTO Artist VALUES(226,'Diana Ross; Lionel Richie');
INSERT INTO Artist VALUES(227,'Smokey Robinson');
INSERT INTO Artist VALUES(228,'Thelma Houston');
INSERT INTO Artist VALUES(229,'Smokey Robinson & The Miracles');
INSERT INTO Artist VALUES(230,'Mary Wells');
INSERT INTO Artist VALUES(231,'Diana Ross; Marvin Gaye');
INSERT INTO Artist VALUES(232,'Dennis Edwards; Siedah Garrett');
INSERT INTO Artist VALUES(233,'The Spinners');
INSERT INTO Artist VALUES(234,'The Velvelettes');
INSERT INTO Artist VALUES(235,'Shanice');
INSERT INTO Artist VALUES(236,'Diana Ross & The Supremes');
INSERT INTO Artist VALUES(237,'Debarge');
INSERT INTO Artist VALUES(238,'Boyz Ii Men');
INSERT INTO Artist VALUES(239,'Junior Walker & The All-stars');
INSERT INTO Artist VALUES(240,'Marvin Gaye & Kim Weston');
INSERT INTO Artist VALUES(241,'The Elgins');
INSERT INTO Artist VALUES(242,'Queen');
INSERT INTO Artist VALUES(243,'Bon Jovi');
INSERT INTO Artist VALUES(244,'Motrhead');
INSERT INTO Artist VALUES(245,'Meat Loaf');
INSERT INTO Artist VALUES(246,'Thin Lizzy');
INSERT INTO Artist VALUES(247,'Zz Top');
INSERT INTO Artist VALUES(248,'Rainbow');
INSERT INTO Artist VALUES(249,'Whitesnake');
INSERT INTO Artist VALUES(250,'The Rolling Stones');
INSERT INTO Artist VALUES(251,'The Who');
INSERT INTO Artist VALUES(252,'The Troggs');
INSERT INTO Artist VALUES(253,'The Kinks');
INSERT INTO Artist VALUES(254,'Hawkwind');
INSERT INTO Artist VALUES(255,'Bachman-turner Overdrive');
INSERT INTO Artist VALUES(256,'Kiss');
INSERT INTO Artist VALUES(257,'Foreigner');
INSERT INTO Artist VALUES(258,'Wings');
INSERT INTO Artist VALUES(259,'The Steve Miller Band');
INSERT INTO Artist VALUES(260,'The Doors');
INSERT INTO Artist VALUES(261,'Rage Against The Machine');
INSERT INTO Artist VALUES(262,'The White Stripes');
INSERT INTO Artist VALUES(263,'Status Quo');
INSERT INTO Artist VALUES(264,'Free');
INSERT INTO Artist VALUES(265,'Robert Palmer');
INSERT INTO Artist VALUES(266,'Bryan Adams');
INSERT INTO Artist VALUES(267,'Lynyrd Skynyrd');
INSERT INTO Artist VALUES(268,'Steppenwolf');
INSERT INTO Artist VALUES(269,'Blue Oyster Cult');
INSERT INTO Artist VALUES(270,'Megadeth');
INSERT INTO Artist VALUES(271,'Iggy Pop');
INSERT INTO Artist VALUES(272,'Billy Idol');
INSERT INTO Artist VALUES(273,'Rod Stewart');
INSERT INTO Artist VALUES(274,'Paul Mccartney');
INSERT INTO Artist VALUES(275,'The Stranglers');
INSERT INTO Artist VALUES(276,'The Knack');
INSERT INTO Artist VALUES(277,'Pat Benatar');
INSERT INTO Artist VALUES(278,'The Jam');
INSERT INTO Artist VALUES(279,'The Undertones');
INSERT INTO Artist VALUES(280,'Manic Street Preachers');
INSERT INTO Artist VALUES(281,'U2');
INSERT INTO Artist VALUES(282,'Stereophonics');
INSERT INTO Artist VALUES(283,'The Darkness');
INSERT INTO Artist VALUES(284,'The Killers');
INSERT INTO Artist VALUES(285,'Lenny Kravitz');
INSERT INTO Artist VALUES(286,'Stiltskin');
INSERT INTO Artist VALUES(287,'Ugly Kid Joe');
INSERT INTO Artist VALUES(288,'Soundgarden');
INSERT INTO Artist VALUES(289,'Thunderclap Newman');
INSERT INTO Artist VALUES(290,'Red Hot Chili Peppers');
INSERT INTO Artist VALUES(291,'The Jimi Hendrix Experience');
INSERT INTO Artist VALUES(292,'Bee Gees');
INSERT INTO Artist VALUES(293,'Frankie Valli & The Four Seasons');
INSERT INTO Artist VALUES(294,'The Drifters');
INSERT INTO Artist VALUES(295,'America');
INSERT INTO Artist VALUES(296,'The Hollies');
INSERT INTO Artist VALUES(297,'Steve Harley & Cockney Rebel');
INSERT INTO Artist VALUES(298,'Gerry Rafferty');
INSERT INTO Artist VALUES(299,'ACE');
INSERT INTO Artist VALUES(300,'Kate Bush');
INSERT INTO Artist VALUES(301,'Chris Rea');
INSERT INTO Artist VALUES(302,'John Paul Young');
INSERT INTO Artist VALUES(303,'The Bellamy Brothers');
INSERT INTO Artist VALUES(304,'Warren Zevon');
INSERT INTO Artist VALUES(305,'Bread');
INSERT INTO Artist VALUES(306,'The Congregation');
INSERT INTO Artist VALUES(307,'Norman Greenbaum');
INSERT INTO Artist VALUES(308,'Wizzard');
INSERT INTO Artist VALUES(309,'Faces');
INSERT INTO Artist VALUES(310,'T. Rex');
INSERT INTO Artist VALUES(311,'Bad Company');
INSERT INTO Artist VALUES(312,'Chicory Tip');
INSERT INTO Artist VALUES(313,'Suzi Quatro');
INSERT INTO Artist VALUES(314,'Ian Dury & The Blockheads');
INSERT INTO Artist VALUES(315,'M');
INSERT INTO Artist VALUES(316,'Pretenders');
INSERT INTO Artist VALUES(317,'The Cars');
INSERT INTO Artist VALUES(318,'Dr Feelgood');
INSERT INTO Artist VALUES(319,'The Tourists');
INSERT INTO Artist VALUES(320,'Mud');
INSERT INTO Artist VALUES(321,'Clout');
INSERT INTO Artist VALUES(322,'Pilot');
INSERT INTO Artist VALUES(323,'Hot Chocolate');
INSERT INTO Artist VALUES(324,'Boney M');
INSERT INTO Artist VALUES(325,'David Bowie');
INSERT INTO Artist VALUES(326,'The Real Thing');
INSERT INTO Artist VALUES(327,'The Sugarhill Gang');
INSERT INTO Artist VALUES(328,'The Chairman Of The Board');
INSERT INTO Artist VALUES(329,'La Belle Epoque');
INSERT INTO Artist VALUES(330,'Van McCoy');
INSERT INTO Artist VALUES(331,'Marshall Hain');
INSERT INTO Artist VALUES(332,'Al Green');
INSERT INTO Artist VALUES(333,'Spinners');
INSERT INTO Artist VALUES(334,'Sweet Sensation');
INSERT INTO Artist VALUES(335,'Desmond Dekker');
INSERT INTO Artist VALUES(336,'The Specials');
INSERT INTO Artist VALUES(337,'Madness');
INSERT INTO Artist VALUES(338,'Otis Redding');
INSERT INTO Artist VALUES(339,'Ben E. King');
INSERT INTO Artist VALUES(340,'The Monkees');
INSERT INTO Artist VALUES(341,'Gary Puckett & The Union Gap');
INSERT INTO Artist VALUES(342,'Percy Sledge');
INSERT INTO Artist VALUES(343,'Aretha Franklin');
INSERT INTO Artist VALUES(344,'Wayne Fontana & The Mindbenders');
INSERT INTO Artist VALUES(345,'Dionne Warwick');
INSERT INTO Artist VALUES(346,'The Shirelles');
INSERT INTO Artist VALUES(347,'Love Affair');
INSERT INTO Artist VALUES(348,'The Mamas & The Papas');
INSERT INTO Artist VALUES(349,'Gerry & The Pacemakers');
INSERT INTO Artist VALUES(350,'Herman''s Hermits');
INSERT INTO Artist VALUES(351,'Manfred Mann');
INSERT INTO Artist VALUES(352,'The Foundations');
INSERT INTO Artist VALUES(353,'Van Morrison');
INSERT INTO Artist VALUES(354,'Procol Harum');
INSERT INTO Artist VALUES(355,'The Moody Blues');
INSERT INTO Artist VALUES(356,'Judy Collins');
INSERT INTO Artist VALUES(357,'The Beach Boys');
INSERT INTO Artist VALUES(358,'Gene Pitney');
INSERT INTO Artist VALUES(359,'Harry Nilsson');
INSERT INTO Artist VALUES(360,'Peter Sarstedt');
INSERT INTO Artist VALUES(361,'Cilla Black');
INSERT INTO Artist VALUES(362,'The Searchers');
INSERT INTO Artist VALUES(363,'Petula Clark');
INSERT INTO Artist VALUES(364,'The Walker Brothers');
INSERT INTO Artist VALUES(365,'Amen Corner');
INSERT INTO Artist VALUES(366,'The Lovin'' Spoonful');
INSERT INTO Artist VALUES(367,'The Ronettes');
INSERT INTO Artist VALUES(368,'The Crystals');
INSERT INTO Artist VALUES(369,'the shangri-las');
INSERT INTO Artist VALUES(370,'Sonny & Cher');
INSERT INTO Artist VALUES(371,'P.P Arnold');
INSERT INTO Artist VALUES(372,'Trini Lopez');
INSERT INTO Artist VALUES(373,'Wilson Pickett');
INSERT INTO Artist VALUES(374,'Tom Jones');
INSERT INTO Artist VALUES(375,'Eddie Floyd');
INSERT INTO Artist VALUES(376,'Fontella Bass');
INSERT INTO Artist VALUES(377,'Jackie Wilson');
INSERT INTO Artist VALUES(378,'Sly And The Family Stone');
INSERT INTO Artist VALUES(379,'Labelle');
INSERT INTO Artist VALUES(380,'Nina Simone');
INSERT INTO Artist VALUES(381,'Bill Withers');
INSERT INTO Artist VALUES(382,'Hall And Oates');
INSERT INTO Artist VALUES(383,'Wild Cherry');
INSERT INTO Artist VALUES(384,'Average White Band');
INSERT INTO Artist VALUES(385,'Chairmen Of The Board');
INSERT INTO Artist VALUES(386,'The O''jays');
INSERT INTO Artist VALUES(387,'New York City');
INSERT INTO Artist VALUES(388,'Harold Melvin & The Blue Notes');
INSERT INTO Artist VALUES(389,'The Delfonics');
INSERT INTO Artist VALUES(390,'Johnny Nash');
INSERT INTO Artist VALUES(391,'Ronnie Dyson');
INSERT INTO Artist VALUES(392,'Mcfadden & Whitehead');
INSERT INTO Artist VALUES(393,'The Three Degrees');
INSERT INTO Artist VALUES(394,'Dee Clark');
INSERT INTO Artist VALUES(395,'People''s Choice');
INSERT INTO Artist VALUES(396,'Archie Bell And The Drells');
INSERT INTO Artist VALUES(397,'Dexter Wansel');
INSERT INTO Artist VALUES(398,'Jackie Moore');
INSERT INTO Artist VALUES(399,'R & J Stone');
INSERT INTO Artist VALUES(400,'Erma Franklin');
INSERT INTO Artist VALUES(401,'Shirley Ellis');
INSERT INTO Artist VALUES(402,'Bobby Womack & The Brotherhood');
INSERT INTO Artist VALUES(403,'Freda Payne');
INSERT INTO Artist VALUES(404,'The Hues Corporation');
INSERT INTO Artist VALUES(405,'First Choice');
INSERT INTO Artist VALUES(406,'Linda Carr');
INSERT INTO Artist VALUES(407,'Johnny Mathis');
INSERT INTO Artist VALUES(408,'Gnarls Barkley');
INSERT INTO Artist VALUES(409,'Outkast');
INSERT INTO Artist VALUES(410,'Alien Ant Farm');
INSERT INTO Artist VALUES(411,'The Pussycat Dolls Feat. Busta Rhymes');
INSERT INTO Artist VALUES(412,'50 Cent');
INSERT INTO Artist VALUES(413,'Fall Out Boy');
INSERT INTO Artist VALUES(414,'S Club 7');
INSERT INTO Artist VALUES(415,'Nelly Feat. City Spud');
INSERT INTO Artist VALUES(416,'Sugababes');
INSERT INTO Artist VALUES(417,'Ne-Yo');
INSERT INTO Artist VALUES(418,'Ms. Dynamite');
INSERT INTO Artist VALUES(419,'Papa Roach');
INSERT INTO Artist VALUES(420,'Girls Aloud');
INSERT INTO Artist VALUES(421,'Liberty X');
INSERT INTO Artist VALUES(422,'The Black Eyed Peas');
INSERT INTO Artist VALUES(423,'Maroon 5');
INSERT INTO Artist VALUES(424,'Nelly Furtado');
INSERT INTO Artist VALUES(425,'The Kooks');
INSERT INTO Artist VALUES(426,'Christina Milian');
INSERT INTO Artist VALUES(427,'Hear''Say');
INSERT INTO Artist VALUES(428,'Busted');
INSERT INTO Artist VALUES(429,'Lumidee');
INSERT INTO Artist VALUES(430,'Nickelback');
INSERT INTO Artist VALUES(431,'Shaggy');
INSERT INTO Artist VALUES(432,'Sophie Ellis-Bextor');
INSERT INTO Artist VALUES(433,'Eric Prydz');
INSERT INTO Artist VALUES(434,'Razorlight');
INSERT INTO Artist VALUES(435,'Daniel Powter');
INSERT INTO Artist VALUES(436,'Fatman Scoop');
INSERT INTO Artist VALUES(437,'Avril Lavigne');
INSERT INTO Artist VALUES(438,'Room 5');
INSERT INTO Artist VALUES(439,'Samantha Mumba');
INSERT INTO Artist VALUES(440,'Mark Owen');
INSERT INTO Artist VALUES(441,'Anastacia');
INSERT INTO Artist VALUES(442,'Emma Bunton');
INSERT INTO Artist VALUES(443,'Orson');
INSERT INTO Artist VALUES(444,'Blue');
INSERT INTO Artist VALUES(445,'The Feeling');
INSERT INTO Artist VALUES(446,'Texas');
INSERT INTO Artist VALUES(447,'Gabrielle');
INSERT INTO Artist VALUES(448,'Take That');
INSERT INTO Artist VALUES(449,'Appleton');
INSERT INTO Artist VALUES(450,'Ronan Keating');
INSERT INTO Artist VALUES(451,'James Morrison');
INSERT INTO Artist VALUES(452,'t.A.T.u.');
INSERT INTO Artist VALUES(453,'Atomic Kitten');
CREATE TABLE IF NOT EXISTS "Game" (
    pk INTEGER NOT NULL, 
    id VARCHAR(64) NOT NULL, 
    title VARCHAR(256) NOT NULL, 
    start DATETIME NOT NULL, 
    "end" DATETIME NOT NULL, 
    options TEXT, 
    PRIMARY KEY (pk), 
    UNIQUE (id), 
    UNIQUE (start)
);
CREATE TABLE IF NOT EXISTS "Directory" (
    pk INTEGER NOT NULL, 
    name VARCHAR(512) NOT NULL, 
    title VARCHAR(512) NOT NULL, 
    directory INTEGER, 
    PRIMARY KEY (pk), 
    FOREIGN KEY(directory) REFERENCES "Directory" (pk)
);
INSERT INTO Directory VALUES(1,'/home/bingo/Clips','Clips',NULL);
INSERT INTO Directory VALUES(2,'/home/bingo/Clips/2000s','2000s',1);
INSERT INTO Directory VALUES(3,'/home/bingo/Clips/Disco','Disco',1);
INSERT INTO Directory VALUES(4,'/home/bingo/Clips/Eighties','Eighties',1);
INSERT INTO Directory VALUES(5,'/home/bingo/Clips/Fifties','Fifties',1);
INSERT INTO Directory VALUES(6,'/home/bingo/Clips/Guitar Heroes','Guitar Heroes',1);
INSERT INTO Directory VALUES(7,'/home/bingo/Clips/Motown','Motown',1);
INSERT INTO Directory VALUES(8,'/home/bingo/Clips/Rock','Rock',1);
INSERT INTO Directory VALUES(9,'/home/bingo/Clips/Seventies','Seventies',1);
INSERT INTO Directory VALUES(10,'/home/bingo/Clips/Sixties','Sixties',1);
INSERT INTO Directory VALUES(11,'/home/bingo/Clips/Soul','Soul',1);
INSERT INTO Directory VALUES(12,'/home/bingo/Clips/Top Of The Pops 2001 - 2006','Top Of The Pops 2001 - 2006',1);
CREATE TABLE IF NOT EXISTS "User" (
    pk INTEGER NOT NULL, 
    username VARCHAR(32) NOT NULL, 
    password VARCHAR(512) NOT NULL, 
    email VARCHAR(256) NOT NULL, 
    last_login DATETIME, 
    groups_mask INTEGER NOT NULL, 
    reset_expires DATETIME, 
    reset_token VARCHAR(32), 
    PRIMARY KEY (pk), 
    UNIQUE (username), 
    UNIQUE (email)
);
CREATE TABLE IF NOT EXISTS "Song" (
    pk INTEGER NOT NULL, 
    directory INTEGER NOT NULL, 
    filename VARCHAR(512) NOT NULL, 
    title VARCHAR(512) NOT NULL, 
    duration INTEGER NOT NULL, 
    channels INTEGER NOT NULL, 
    sample_rate INTEGER NOT NULL, 
    sample_width INTEGER NOT NULL, 
    bitrate INTEGER NOT NULL, 
    uuid VARCHAR(22), 
    artist_pk INTEGER, 
    album_pk INTEGER, 
    PRIMARY KEY (pk), 
    UNIQUE (directory, filename), 
    FOREIGN KEY(directory) REFERENCES "Directory" (pk), 
    FOREIGN KEY(artist_pk) REFERENCES "Artist" (pk), 
    FOREIGN KEY(album_pk) REFERENCES "Album" (pk)
);
INSERT INTO Song VALUES(1,2,'01-01- You Will You Wont.mp3','You Will You Won''t',30016,2,44100,16,257,'S*rA=/Q,Y`Z/CLBqdkF%',1,1);
INSERT INTO Song VALUES(2,2,'01-03- Set the Record Straight.mp3','Set the Record Straight',30016,2,44100,16,256,'B*@9T_q%aVT9P7m04ED9',2,1);
INSERT INTO Song VALUES(3,2,'01-07- Dancing in the Moonlight.mp3','Dancing in the Moonlight',30016,2,44100,16,256,'Irt9W1mLn''ME^()6-BbZ',3,1);
INSERT INTO Song VALUES(4,2,'01-09- Wherever You Will Go.mp3','Wherever You Will Go',30016,2,44100,16,256,'SV$Ur[H(V#RX!!aWMqEQ',4,1);
INSERT INTO Song VALUES(5,2,'01-11- A Little Respect.mp3','A Little Respect',30016,2,44100,16,256,')7>4UpT@koYbhh\5`!6[',5,1);
INSERT INTO Song VALUES(6,2,'01-17- The Outsiders.mp3','The Outsiders',30016,2,44100,16,256,'no.S0fu$b7NK)-/CrOn3',6,1);
INSERT INTO Song VALUES(7,2,'01-18- Caught in the Middle.mp3','Caught in the Middle',30016,2,44100,16,256,'=".;J-ui7QT=-ERNE=mn',7,1);
INSERT INTO Song VALUES(8,2,'01-22- Tipsy.mp3','Tipsy',30016,2,44100,16,256,'B;,%1?.rD?PkL\rYe-Yr',8,1);
INSERT INTO Song VALUES(9,2,'01-24- Gravel Pit.mp3','Gravel Pit',30016,2,44100,16,256,'*J#/IOmlT\Z[5-ZSg9WT',9,1);
INSERT INTO Song VALUES(10,2,'01-31- Superstylin.mp3','Superstylin''',30016,2,44100,16,256,'I]S/\/biNaXYMb*g"ef<',10,1);
INSERT INTO Song VALUES(11,2,'01-32- We Come 1.mp3','We Come 1',30016,2,44100,16,256,'k47b9gfISO[58W[NY230',11,1);
INSERT INTO Song VALUES(12,2,'01-33- Voodoo Child.mp3','Voodoo Child',30016,2,44100,16,256,'3_Ec3bo9\9Rf-jIU%&TE',12,1);
INSERT INTO Song VALUES(13,2,'01-34- Hey Baby (Uhh Ahh).mp3','Hey Baby (Uhh Ahh)',30016,2,44100,16,256,'BaYF*W>AX+RWgK@#0GR6',13,1);
INSERT INTO Song VALUES(14,2,'01-35- The Boys of Summer.mp3','The Boys of Summer',30016,2,44100,16,256,'oN@giFcTSl\-MGs8BuGd',14,1);
INSERT INTO Song VALUES(15,2,'01-36- This Time Around.mp3','This Time Around',30016,2,44100,16,256,'c*A`jOk*`*Qi0a<rc-4#',15,1);
INSERT INTO Song VALUES(16,2,'01-37- Mundian to Bach Ke.mp3','Mundian to Bach Ke',30016,2,44100,16,256,'N`89DdUc=5T[MlgSMNI^',16,1);
INSERT INTO Song VALUES(17,2,'01-41- Heaven.mp3','Heaven',30016,2,44100,16,256,'89KSRNGVQuXd<4-$C>EB',14,1);
INSERT INTO Song VALUES(18,2,'01-42- 1 Thing.mp3','1 Thing',30016,2,44100,16,256,'n2=k+)>mRfJ@m@d6XCt-',17,1);
INSERT INTO Song VALUES(19,2,'01-43- Crazy Chick.mp3','Crazy Chick',30016,2,44100,16,256,'k%c3krFo+r\`(K!09Br0',18,1);
INSERT INTO Song VALUES(20,2,'01-46- Irresistible.mp3','Irresistible',30016,2,44100,16,256,'q+pM/-NR*$Z1Z&LDnn-@',19,1);
INSERT INTO Song VALUES(21,2,'01-48- Shackles (Praise You).mp3','Shackles (Praise You)',30016,2,44100,16,256,'3YWi$4L/2N]G"C7"1<76',20,1);
INSERT INTO Song VALUES(22,2,'01-50- Proud.mp3','Proud',30016,2,44100,16,256,'6puroY5D3+Zq)^&8]!3;',21,1);
INSERT INTO Song VALUES(23,2,'01-51- I Bruise Easily.mp3','I Bruise Easily',30016,2,44100,16,256,'4MO<*358WLTXhUE2pNEk',22,1);
INSERT INTO Song VALUES(24,2,'01-53- When I Lost You.mp3','When I Lost You',30016,2,44100,16,257,'N-d[L_\6#JXHIkB%]eRG',23,1);
INSERT INTO Song VALUES(25,2,'01-56- Out of Touch.mp3','Out of Touch',30016,2,44100,16,256,',`>>@mcIluN-&9e@;:1p',24,1);
INSERT INTO Song VALUES(26,2,'01-57- Falling Stars.mp3','Falling Stars',30016,2,44100,16,256,'7?OX\m(-NdRfuLCBktZ#',25,1);
INSERT INTO Song VALUES(27,2,'01-58- Nu-Flow.mp3','Nu-Flow',30016,2,44100,16,256,'4T#0*eq.4lY5Lo7K>WCP',26,1);
INSERT INTO Song VALUES(28,2,'01-59- Mass Destruction.mp3','Mass Destruction',30016,2,44100,16,256,'ZZMNThjIVATGs3+eBYE<',11,1);
INSERT INTO Song VALUES(29,2,'01-62- Worried About Ray.mp3','Worried About Ray',30016,2,44100,16,256,'r[E$HJ''(Sh]P+;5KEibp',27,1);
INSERT INTO Song VALUES(30,2,'01-63- Anyone of Us (Stupid Mistake).mp3','Anyone of Us (Stupid Mistake)',30016,2,44100,16,256,'qs"`M;bpGR]h7ct-''-g#',28,1);
INSERT INTO Song VALUES(31,2,'01-67- Were Really Saying Something.mp3','We''re Really Saying Something',30016,2,44100,16,256,':4Hgn,j/NY^Us@eR6VJt',29,1);
INSERT INTO Song VALUES(32,2,'01-69- Dance (with U).mp3','Dance (with U)',30016,2,44100,16,256,'=eg;A*+i,*ZkUOdi;SL?',30,1);
INSERT INTO Song VALUES(33,2,'01-76- Single.mp3','Single',30016,2,44100,16,256,'NKM:+^E-P''^VQ2n]o+kl',22,1);
INSERT INTO Song VALUES(34,2,'01-77- Music.mp3','Music',30016,2,44100,16,256,'<;k1U@''NrGRg^P9?et]Z',31,1);
INSERT INTO Song VALUES(35,2,'01-81- All Sparks.mp3','All Sparks',30016,2,44100,16,256,'B_k0KH''MF+M'',1qID>7X',32,1);
INSERT INTO Song VALUES(36,2,'01-84- Catch.mp3','Catch',30016,2,44100,16,256,'''0t]Ge[o0tKd#%fb]d9^',33,1);
INSERT INTO Song VALUES(37,2,'01-90- Call My Name.mp3','Call My Name',30016,2,44100,16,256,'+31pqBu![6S7WAT?Z-(n',18,1);
INSERT INTO Song VALUES(38,2,'01-92- Stomp.mp3','Stomp',30016,2,44100,16,256,'A%lk2"(>+\\@lGmMRDHi',34,1);
INSERT INTO Song VALUES(39,2,'01-95- Every Other Time.mp3','Every Other Time',30016,2,44100,16,256,'2ojVun(1N/Wb7j;,;@jB',35,1);
INSERT INTO Song VALUES(40,2,'01-97- Youre a Superstar.mp3','You''re a Superstar',30016,2,44100,16,256,']2&I+2.Tpe]MP5H9Hd+]',36,1);
INSERT INTO Song VALUES(41,2,'01_crazy_in_love_feat_jayz.mp3','Crazy In Love feat. Jay-Z',20024,2,44100,16,128,'i7Ce%%C&h2PrPYifo9&`',37,2);
INSERT INTO Song VALUES(42,2,'big_time_sensuality_the_fluke_minimix.mp3','Big Time Sensuality',19998,2,44100,16,193,'LA`=%N;6ck]P/hfgdo8j',38,3);
INSERT INTO Song VALUES(43,2,'fedde_le_grand__put_your_hands_up_for_detroit.mp3','Put Your Hands Up For Detroit',19998,2,44100,16,193,'69u&CN:''jEX\T+5)+8o@',39,4);
INSERT INTO Song VALUES(44,2,'guns_dont_kill_people_rappers_do.mp3','Guns Don''t Kill People, Rappers Do',20024,2,44100,16,192,'1G4i8I>Ut_M)V1L(g.T,',40,3);
INSERT INTO Song VALUES(45,2,'i_bet_you_look_good_on_the_dancefloor.mp3','I Bet You Look Good On The Dancefloor',30016,2,44100,16,256,'eJaE2&_0^t\1dK.@fG9P',41,5);
INSERT INTO Song VALUES(46,2,'smile.mp3','Smile',20024,2,44100,16,192,'K<Q_.6*j\KKnLHf4DRL$',42,6);
INSERT INTO Song VALUES(47,2,'take_your_mama.mp3','Take Your Mama',30016,2,44100,16,256,'#pkob6C;#HMpC;ap&k$!',43,7);
INSERT INTO Song VALUES(48,3,'01-01- Don t Stop Til You Get Enough (Single Version).mp3','Don''t Stop ''Til You Get Enough',25013,2,44100,16,302,'Zr`Q^:Ztj,S\A&4;%EG8',44,8);
INSERT INTO Song VALUES(49,3,'01-02- Good Times (Single Version).mp3','Good Times',25013,2,44100,16,310,'na(F/"+*uYX*4nJ68a@N',45,8);
INSERT INTO Song VALUES(50,3,'01-03- September.mp3','September',25013,2,44100,16,314,'%Foug$R&OaV!PJIG*`H-',46,8);
INSERT INTO Song VALUES(51,3,'01-04- Last Night a D J Saved My Life (Radio Edit).mp3','Last Night a D.J. Saved My Life',25013,2,44100,16,310,'MoLh4]NnV]WkEJP6*SL\',47,8);
INSERT INTO Song VALUES(52,3,'01-05- He s the Greatest Dancer.mp3','He''s the Greatest Dancer',25013,2,44100,16,307,'9hfj<]AQjMWm(U,TbPja',48,8);
INSERT INTO Song VALUES(53,3,'01-06- I m Every Woman.mp3','I''m Every Woman',25013,2,44100,16,301,'epRQQM3D&$PVk)WKFCk*',49,8);
INSERT INTO Song VALUES(54,3,'01-07- Get Down on It.mp3','Get Down on It',25013,2,44100,16,308,'GH^M!.YUh''UCII!L?$Xg',50,8);
INSERT INTO Song VALUES(55,3,'01-08- I m Coming Out (Single Version).mp3','I''m Coming Out',25013,2,44100,16,299,'0G=O.g_E_BSI9PjhT6;D',51,8);
INSERT INTO Song VALUES(56,3,'01-09- You Make Me Feel (Mighty Real).mp3','You Make Me Feel (Mighty Real)',25013,2,44100,16,299,'Q>9N"Vj1>XR1W4#R3Zs\',52,8);
INSERT INTO Song VALUES(57,3,'01-12- Best of My Love.mp3','Best of My Love',25013,2,44100,16,319,'Zn&kp,"l&*P-;<\cr*ut',53,8);
INSERT INTO Song VALUES(58,3,'01-15- A Night to Remember.mp3','A Night to Remember',25013,2,44100,16,310,'^\plcW(U!uPkHR+;VRl/',54,8);
INSERT INTO Song VALUES(59,3,'01-16- Young Hearts Run Free.mp3','Young Hearts Run Free',25013,2,44100,16,307,'&j8TOQ$c\h\AC#8-aYD,',55,8);
INSERT INTO Song VALUES(60,3,'01-17- Love Sensation.mp3','Love Sensation',25013,2,44100,16,303,'R%[V(\.Vt?KUW"]nhYl4',56,8);
INSERT INTO Song VALUES(61,3,'01-18- Let s Go Round Again.mp3','Let''s Go Round Again',25013,2,44100,16,295,')%"Lcfu6d<NLbk]C[tkH',57,8);
INSERT INTO Song VALUES(62,3,'01-21- Blame It on the Boogie.mp3','Blame It on the Boogie',25013,2,44100,16,303,'l/!0F0/ZgISdOgekZ9pB',58,8);
INSERT INTO Song VALUES(63,3,'01-22- D I S C O.mp3','D.I.S.C.O.',25013,2,44100,16,307,'NSC*/C&2*8T^!=9<i:H+',59,8);
INSERT INTO Song VALUES(64,3,'01-23- Everybody Dance.mp3','Everybody Dance',25013,2,44100,16,298,'%M@3$"#a#-Ye1\hX3i'';',45,8);
INSERT INTO Song VALUES(65,3,'01-24- Boogie Wonderland.mp3','Boogie Wonderland',25013,2,44100,16,301,'<*Cqp!KLKITH\3#4TJZ\',60,8);
INSERT INTO Song VALUES(66,3,'01-25- We Are Family.mp3','We Are Family',25013,2,44100,16,323,')Ce4PX6!6CU2AAAiX6B/',48,8);
INSERT INTO Song VALUES(67,3,'01-26- Celebration.mp3','Celebration',25013,2,44100,16,302,'Ecp(i$Beb-O6Iipe<[0P',50,8);
INSERT INTO Song VALUES(68,3,'01-27- Ain t No Stoppin Us Now.mp3','Ain''t No Stoppin'' Us Now',25039,2,44100,16,291,'2cbSLGMQ)T^8-A9+t=Km',61,8);
INSERT INTO Song VALUES(69,3,'01-29- Funky Town (Single Version).mp3','Funky Town',25013,2,44100,16,302,'j"Z,H4gS82^M#),7krBs',62,8);
INSERT INTO Song VALUES(70,3,'01-31- Jump to the Beat.mp3','Jump to the Beat',25013,2,44100,16,300,'4>X,#q;>K?R2I?s=iapL',63,8);
INSERT INTO Song VALUES(71,3,'01-33- Shake Your Groove Thing.mp3','Shake Your Groove Thing',25013,2,44100,16,315,'db''QuIN)<,O7n]8[i1l7',64,8);
INSERT INTO Song VALUES(72,3,'01-34- Relight My Fire (Single Version).mp3','Relight My Fire',25013,2,44100,16,300,'&*AnTT#+N)OsWa\+bKsd',65,8);
INSERT INTO Song VALUES(73,3,'01-35- Disco Inferno.mp3','Disco Inferno',25013,2,44100,16,296,'gH"_P@96AFU4ebf6:FQu',66,8);
INSERT INTO Song VALUES(74,3,'01-36- Heaven Must be Missing an Angel.mp3','Heaven Must be Missing an Angel',25013,2,44100,16,314,'JYgjYKq)*WPB&3seSfYL',67,8);
INSERT INTO Song VALUES(75,3,'01-37- Daddy Cool.mp3','Daddy Cool',25013,2,44100,16,309,'kVg;"9Q49*]it@<)6t_j',68,8);
INSERT INTO Song VALUES(76,3,'01-38- Bad Girls.mp3','Bad Girls',25013,2,44100,16,303,'[9b681dP$,Ydc_GMca`g',69,8);
INSERT INTO Song VALUES(77,3,'01-39- Boogie Nights.mp3','Boogie Nights',25013,2,44100,16,293,'RZ:--+n&G+S"]=@(u(E#',70,8);
INSERT INTO Song VALUES(78,3,'01-41- Le Freak (Single Version).mp3','Le Freak',25013,2,44100,16,296,'[6)lopTRHr^0"UX[C+7f',45,8);
INSERT INTO Song VALUES(79,3,'01-42- Ring My Bell.mp3','Ring My Bell',25013,2,44100,16,320,'E_<JSc3.7jR5q`6#dPcQ',71,8);
INSERT INTO Song VALUES(80,3,'01-43- I Feel Love.mp3','I Feel Love',25013,2,44100,16,316,'"p@][/+$=CS<R2LGHof(',69,8);
INSERT INTO Song VALUES(81,3,'01-45- Ain t Nobody.mp3','Ain''t Nobody',25013,2,44100,16,298,']+rt7HEU\nWFN"WSL4iq',49,8);
INSERT INTO Song VALUES(82,3,'01-46- Upside Down.mp3','Upside Down',25013,2,44100,16,311,'*dDi+;u9RRK''HS8:)LDQ',51,8);
INSERT INTO Song VALUES(83,3,'01-47- Car Wash (Single Version).mp3','Car Wash',25013,2,44100,16,277,'W?6-$NJ1\*Rd>&?I`EQT',72,8);
INSERT INTO Song VALUES(84,3,'01-49- Strut Your Funky Stuff (Single Version).mp3','Strut Your Funky Stuff',25013,2,44100,16,308,'G5SsnJYc`,Nb*lrY7YHW',73,8);
INSERT INTO Song VALUES(85,3,'01-50- You re the First, the Last, My Everything.mp3','You''re the First, the Last, My Everything',25013,2,44100,16,298,'Eq-6#Yu4VZY`g]XE#eDR',74,8);
INSERT INTO Song VALUES(86,3,'01-52- And the Beat Goes On (Single Version).mp3','And the Beat Goes On',25013,2,44100,16,293,'n;bV2(F38FY5o0T:W\,Z',75,8);
INSERT INTO Song VALUES(87,3,'01-53- Give Me the Night.mp3','Give Me the Night',25013,2,44100,16,304,'/HI%:hM5.Q^$Lh&YQ<[Y',76,8);
INSERT INTO Song VALUES(88,3,'01-57- Never Can Say Goodbye (Single Version).mp3','Never Can Say Goodbye',25013,2,44100,16,308,'GZ%`ji6tp[TBS_3!;/--',77,8);
INSERT INTO Song VALUES(89,4,'01-01- Heaven Is a Place on Earth.mp3','Heaven Is a Place on Earth',30016,2,44100,16,256,'C_!m[dK3Zb\9R_,GXQs8',78,9);
INSERT INTO Song VALUES(90,4,'01-02- When Will I Be Famous,.mp3','When Will I Be Famous?,',30016,2,44100,16,256,'O5imkVn-5`ZWJR&CLKce',79,9);
INSERT INTO Song VALUES(91,4,'01-03- Never Gonna Give You Up.mp3','Never Gonna Give You Up',30016,2,44100,16,256,'4fo_`d0E`6U1@YVMuK4V',80,9);
INSERT INTO Song VALUES(92,4,'01-04- Footloose.mp3','Footloose',30016,2,44100,16,256,'O3/4DeHf7INW:+:<<''bB',81,9);
INSERT INTO Song VALUES(93,4,'01-06- Wake Me up Before You Go-Go.mp3','Wake Me up Before You Go-Go',30016,2,44100,16,256,'ldg&fc_aX,OYk.P/?<)5',82,9);
INSERT INTO Song VALUES(94,4,'01-07- Doctor! Doctor! (Single Edit).mp3','Doctor! Doctor!',30016,2,44100,16,256,'%!S</dgoHPW`He[2k`,H',83,9);
INSERT INTO Song VALUES(95,4,'01-08- Hi-Fidelity.mp3','Hi-Fidelity',30016,2,44100,16,256,'Di0#4]II/[UlR/@8OJ>:',84,9);
INSERT INTO Song VALUES(96,4,'01-09- Making Your Mind Up.mp3','Making Your Mind Up',30016,2,44100,16,256,')Bn2eR2]FGSVjkoL1KiY',85,9);
INSERT INTO Song VALUES(97,4,'01-10- Family Man.mp3','Family Man',30016,2,44100,16,256,'KdmaI''eiMi[:8C`MH,t-',86,9);
INSERT INTO Song VALUES(98,4,'01-11- Waiting for a Star to Fall.mp3','Waiting for a Star to Fall',30016,2,44100,16,256,'hfe^N1:^`6^A[di]b.sF',87,9);
INSERT INTO Song VALUES(99,4,'01-12- I Want Candy.mp3','I Want Candy',30016,2,44100,16,256,'*m;%QOsj6T](+38g+nML',88,9);
INSERT INTO Song VALUES(100,4,'01-14- When the Going Gets Tough, The Tough Get Going.mp3','When the Going Gets Tough, The Tough Get Going',30016,2,44100,16,256,':NUMPr!ZIjTNc1r=_<^B',89,9);
INSERT INTO Song VALUES(101,4,'01-15- Im Not Scared.mp3','I''m Not Scared',30016,2,44100,16,256,'80$KX_!58&O.nS[1%_$Y',90,9);
INSERT INTO Song VALUES(102,4,'01-17- Dr Beat (feat Gloria Estefan).mp3','Dr Beat (feat. Gloria Estefan)',30016,2,44100,16,256,';g">#ap_4LW*[qtl/rU.',91,9);
INSERT INTO Song VALUES(103,4,'01-18- I Second That Emotion.mp3','I Second That Emotion',30016,2,44100,16,256,',Y,3("a*[@K/aCi?Do3$',92,9);
INSERT INTO Song VALUES(104,4,'01-20- Love of the Common People.mp3','Love of the Common People',30016,2,44100,16,256,'G&_)Q(8Y>kMh"/3M@6do',93,9);
INSERT INTO Song VALUES(105,4,'01-21- Freedom.mp3','Freedom',30016,2,44100,16,256,'''o/!Dif[IPLVkY,=aY1Y',82,9);
INSERT INTO Song VALUES(106,4,'01-22- Together Forever.mp3','Together Forever',30016,2,44100,16,256,'\kSNJ5F#-L\LNhrb%5;)',80,9);
INSERT INTO Song VALUES(107,4,'01-23- Take That Situation.mp3','Take That Situation',30016,2,44100,16,256,'FjXm<O[E1''PmG]P=;I+C',94,9);
INSERT INTO Song VALUES(108,4,'01-25- Ghostbusters.mp3','Ghostbusters',30016,2,44100,16,256,'IE[95?+sH_Pu^INPg9ka',95,9);
INSERT INTO Song VALUES(109,4,'01-26- Favourite Shirts (Boy Meets Girl).mp3','Favourite Shirts (Boy Meets Girl)',30016,2,44100,16,256,'A]_Kf^O&iTUA?#3dkU\K',96,9);
INSERT INTO Song VALUES(110,4,'01-27- Find the Time.mp3','Find the Time',30016,2,44100,16,256,',5Q/19".tBZ%F3''OgBgH',97,9);
INSERT INTO Song VALUES(111,4,'01-29- The Land of Make Believe.mp3','The Land of Make Believe',30016,2,44100,16,256,'R`XX/i+5^rWuW8)Di]]b',85,9);
INSERT INTO Song VALUES(112,4,'01-31- I Owe You Nothing.mp3','I Owe You Nothing',30016,2,44100,16,256,'"73jmkS%2uX6e9=n3F''`',79,9);
INSERT INTO Song VALUES(113,4,'01-34- Losing My Mind.mp3','Losing My Mind',30016,2,44100,16,256,'FBe\F9''/u[J:-foYYq;W',98,9);
INSERT INTO Song VALUES(114,4,'01-35- Break My Stride.mp3','Break My Stride',30016,2,44100,16,256,'JL;!6ah_;<]fV1fX+6Nh',99,9);
INSERT INTO Song VALUES(115,4,'01-36- Love & Pride.mp3','Love & Pride',30016,2,44100,16,256,'''+RiEap(t%WU_?7)+]jC',100,9);
INSERT INTO Song VALUES(116,4,'01-37- This Ole House.mp3','This Ole House',30016,2,44100,16,256,'[`YSIpetDEO=(n^5mdt^',101,9);
INSERT INTO Song VALUES(117,4,'01-39- My Favourite Waste of Time.mp3','My Favourite Waste of Time',30016,2,44100,16,256,'Zi=_bs$^(n[GWljpaOV3',102,9);
INSERT INTO Song VALUES(118,4,'01-40- Digging Your Scene.mp3','Digging Your Scene',30016,2,44100,16,256,'NhN?db<B$KR5nkWFT>QH',103,9);
INSERT INTO Song VALUES(119,4,'01-41- The First Picture of You.mp3','The First Picture of You',30016,2,44100,16,256,'oD9Z0BEq?nO9_Mlr4Iq/',104,9);
INSERT INTO Song VALUES(120,4,'01-42- Pretty in Pink.mp3','Pretty in Pink',30016,2,44100,16,256,'l?7i<]/s)l];65`Se2hL',105,9);
INSERT INTO Song VALUES(121,4,'01-43- Prince Charming (Single).mp3','Prince Charming (Single)',30016,2,44100,16,256,'%[5k1''7!dLS[H(&''Y7FO',106,9);
INSERT INTO Song VALUES(122,4,'01-45- Walk Like an Egyptian.mp3','Walk Like an Egyptian',30016,2,44100,16,256,'XtYDX1.P:GU_YLFW''-.2',107,9);
INSERT INTO Song VALUES(123,4,'01-46- Circle in the Sand.mp3','Circle in the Sand',30016,2,44100,16,256,'4N9%ZkL!FqWPPII.i,L)',78,9);
INSERT INTO Song VALUES(124,4,'01-47- Maneater.mp3','Maneater',30016,2,44100,16,256,'S,,I[ce2ZD]no-$)h!-+',86,9);
INSERT INTO Song VALUES(125,4,'01-48- You Spin Me Round (Like a Record) [Original 7 Mix].mp3','You Spin Me Round (Like a Record) ',30016,2,44100,16,256,'%!F@sAartsLQ&tPrd3T''',108,9);
INSERT INTO Song VALUES(126,4,'01-49- Brilliant Mind.mp3','Brilliant Mind',30016,2,44100,16,256,'p.eg],KF.oKVMgIhop@/',109,9);
INSERT INTO Song VALUES(127,4,'01-50- Hold on Tight.mp3','Hold on Tight',30016,2,44100,16,256,'rCRk''''i@hCY_>D4\f0)b',110,9);
INSERT INTO Song VALUES(128,4,'02_little_red_corvette.mp3','Little Red Corvette',19998,2,44100,16,128,'d\t#WeVmGsNZ?#__6K\F',111,10);
INSERT INTO Song VALUES(129,4,'09_purple_rain.mp3','Purple Rain',19998,2,44100,16,128,'!$/ZoMMG9!]R/f[BEI5G',111,11);
INSERT INTO Song VALUES(130,4,'pressure-clip.mp3','Under Pressure',26006,2,44100,16,129,'R2&W-+fSE=Nrf^aihRP,',112,12);
INSERT INTO Song VALUES(131,5,'01 C''mon Everybody.mp3','C''mon Everybody',30016,2,44100,16,256,'\\>,H),=O>MqrcfL4,c[',113,13);
INSERT INTO Song VALUES(132,5,'01 Rock Around The Clock.mp3','Rock Around The Clock',30016,2,44100,16,256,'17VnP*U@(!PQRW`)/@!$',114,13);
INSERT INTO Song VALUES(133,5,'01 Travellin'' Light.mp3','Travellin'' Light',30016,2,44100,16,256,'X158=3Fbt;\1:1X0rH^/',115,13);
INSERT INTO Song VALUES(134,5,'02 Bird Dog.mp3','Bird Dog',30016,2,44100,16,256,'Uo@_nUpX6^YgIdN#H9h#',116,13);
INSERT INTO Song VALUES(135,5,'02 Good Golly Miss Molly.mp3','Good Golly Miss Molly',30016,2,44100,16,256,'EXq^7:u,/XTB3+Df2SOu',117,13);
INSERT INTO Song VALUES(136,5,'02 Sh''Boom (Life Could Be A Dream).mp3','Sh''Boom (Life Could Be A Dream)',30016,2,44100,16,256,'T?@HY/<Em6MmRcY]QEY6',118,13);
INSERT INTO Song VALUES(137,5,'03 Hey! Baby.mp3','Hey! Baby',30016,2,44100,16,256,'AX_WS+F@F)]U&KC;MQ56',119,13);
INSERT INTO Song VALUES(138,5,'03 Lollipop.mp3','Lollipop',30016,2,44100,16,256,'UjUbg%6.0/MK-@1:DC!i',120,13);
INSERT INTO Song VALUES(139,5,'03 Peggy Sue.mp3','Peggy Sue',30016,2,44100,16,256,'%g&>^A]%GeS`XFAHn\Lq',121,13);
INSERT INTO Song VALUES(140,5,'04 Diana.mp3','Diana',30016,2,44100,16,256,'P<"h$::adjW''LSnaSifN',122,13);
INSERT INTO Song VALUES(141,5,'04 Lipstick On Your Collar.mp3','Lipstick On Your Collar',30016,2,44100,16,256,'g8lJCa4"$)PcWN#i+P.h',123,13);
INSERT INTO Song VALUES(142,5,'04 Venus.mp3','Venus',30016,2,44100,16,256,'Y\''=%fpH!H^[f?4PK`.F',124,13);
INSERT INTO Song VALUES(143,5,'05 A Teenager In Love.mp3','A Teenager In Love',30016,2,44100,16,256,'F!A[)10dXD[W$$kr#/c,',125,13);
INSERT INTO Song VALUES(144,5,'05 Ain''t That A Shame.mp3','Ain''t That A Shame',30016,2,44100,16,256,'_Q&PoK=>#bJe&;LUOW&d',126,13);
INSERT INTO Song VALUES(145,5,'05 Breathless.mp3','Breathless',30016,2,44100,16,256,'@_f,Sn<[&+P&7oUY)8aU',127,13);
INSERT INTO Song VALUES(146,5,'06 Only You.mp3','Only You',30016,2,44100,16,256,'KKJl6N#>ueOT#9!SNo#_',128,13);
INSERT INTO Song VALUES(147,5,'06 Rock House.mp3','Rock House',30016,2,44100,16,256,'28%m(S(Ls7\J;?%V`,^&',129,13);
INSERT INTO Song VALUES(148,5,'06 Stupid Cupid.mp3','Stupid Cupid',30016,2,44100,16,256,'ab$KY&Jn^NMd7OEAd?;)',123,13);
INSERT INTO Song VALUES(149,5,'07 Bye Bye Love.mp3','Bye Bye Love',30016,2,44100,16,256,'G6lQnY.n85T03oG^uJ6k',116,13);
INSERT INTO Song VALUES(150,5,'07 SummerTime Blues.mp3','SummerTime Blues',30016,2,44100,16,256,'9Tl9#>gHGbM1i3D-m;43',113,13);
INSERT INTO Song VALUES(151,5,'08 Blue Suede Shoes.mp3','Blue Suede Shoes',30016,2,44100,16,256,'I9.,1;ZK^kVeN1G#4T[N',130,13);
INSERT INTO Song VALUES(152,5,'08 Oh Carol.mp3','Oh Carol',30016,2,44100,16,256,'f*TE''IeH^(]8a!KoO:*L',131,13);
INSERT INTO Song VALUES(153,5,'09 As I Love You.mp3','As I Love You',30016,2,44100,16,256,'S;966?''AH_Nj!N/dl19@',132,13);
INSERT INTO Song VALUES(154,5,'09 At The Hop.mp3','At The Hop',30016,2,44100,16,256,'.>j)n"-$7aXPi%O)l_6=',133,13);
INSERT INTO Song VALUES(155,5,'09 Hot Dog! That Made Him Mad.mp3','Hot Dog! That Made Him Mad',30016,2,44100,16,256,'<S_KFMd9D-Uj-+$>]rtb',134,13);
INSERT INTO Song VALUES(156,5,'10 Don''t Let The Stars Get In Your Eyes.mp3','Don''t Let The Stars Get In Your Eyes',30016,2,44100,16,256,'*JF''I?*[CRRGZk("EuRm',135,13);
INSERT INTO Song VALUES(157,5,'10 Honey Don''t.mp3','Honey Don''t',30016,2,44100,16,256,'fH;sK3QPGu[N/bp<9Gpp',130,13);
INSERT INTO Song VALUES(158,5,'10 Living Doll.mp3','Living Doll',30016,2,44100,16,256,'Fc?W&<%UrWTKN^9hj^;4',136,13);
INSERT INTO Song VALUES(159,5,'11 Mona Lisa.mp3','Mona Lisa',30016,2,44100,16,256,'\od<>Lk&TcN(Nk-Pt!Da',137,13);
INSERT INTO Song VALUES(160,5,'11 Pistol Packin'' Mama.mp3','Pistol Packin'' Mama',30016,2,44100,16,256,'?1tj!URk]7Pg[*FIDd?G',138,13);
INSERT INTO Song VALUES(161,5,'11 Yes Tonight Josephine.mp3','Yes Tonight Josephine',30016,2,44100,16,256,'8^Iq^-T#''7KPBS+4qY+r',139,13);
INSERT INTO Song VALUES(162,5,'12 Secret Love.mp3','Secret Love',30016,2,44100,16,256,'/U&A''qp/4YT<]3j9UJV5',140,13);
INSERT INTO Song VALUES(163,5,'12 Whole Lotta Woman.mp3','Whole Lotta Woman',30016,2,44100,16,256,'4fCD]?q+%BY*u/4B#sVk',141,13);
INSERT INTO Song VALUES(164,5,'13 Colette.mp3','Colette',30016,2,44100,16,256,'+>ETq?Vj_LKR`-Km9()Q',142,13);
INSERT INTO Song VALUES(165,5,'13 Great Balls Of Fire.mp3','Great Balls Of Fire',30016,2,44100,16,256,'YT#Z.nj-L&JKb@hO`-3U',127,13);
INSERT INTO Song VALUES(166,5,'13 Mambo Italiano.mp3','Mambo Italiano',30016,2,44100,16,256,'<-,W+M<%eJ\B\i:Ac<=1',143,13);
INSERT INTO Song VALUES(167,5,'14 Stranger In Paradise.mp3','Stranger In Paradise',30016,2,44100,16,256,'X0''68erjB4LMIMk&8W4s',144,13);
INSERT INTO Song VALUES(168,5,'14 Whole Lotta Shakin'' Goin'' On.mp3','Whole Lotta Shakin'' Goin'' On',30016,2,44100,16,256,'''4e]l?]\RLVb(u7jU(hZ',130,13);
INSERT INTO Song VALUES(169,5,'14 Why Do Fools Fall In Love-.mp3','Why Do Fools Fall In Love?',30016,2,44100,16,256,'jcK)/[<,QOP$)EiP&3`c',145,13);
INSERT INTO Song VALUES(170,5,'15 Love Potion No.9.mp3','Love Potion No.9',30016,2,44100,16,256,'o(rN7$L(UZK%MPn^aqdU',146,13);
INSERT INTO Song VALUES(171,5,'15 Memories Are Made Of This.mp3','Memories Are Made Of This',30016,2,44100,16,256,'1l6<oRfm#B^=<J=!`"D)',147,13);
INSERT INTO Song VALUES(172,5,'15 Party Doll.mp3','Party Doll',30016,2,44100,16,256,':CFp%OipX^SAL=(*%$kH',148,13);
INSERT INTO Song VALUES(173,5,'16 Magic Moments.mp3','Magic Moments',30016,2,44100,16,256,'fJoK,N`o>6QI>Tq$Yt_H',135,13);
INSERT INTO Song VALUES(174,5,'16 Poetry In Motion.mp3','Poetry In Motion',30016,2,44100,16,256,'9Y\N1R9!@*^DZ,3Ao*33',149,13);
INSERT INTO Song VALUES(175,5,'16 Wake Up Little Susie.mp3','Wake Up Little Susie',30016,2,44100,16,256,']q`oAfhkb[W`8.^VOI''F',116,13);
INSERT INTO Song VALUES(176,5,'17 Chantilly Lace.mp3','Chantilly Lace',30016,2,44100,16,256,'5fr@L/QGb0L)''.rg1oM6',150,13);
INSERT INTO Song VALUES(177,5,'17 Poison Ivy.mp3','Poison Ivy',30016,2,44100,16,256,'Pt%NJ:ha/pY(J7ecd"ik',151,13);
INSERT INTO Song VALUES(178,5,'17 The Great Pretender.mp3','The Great Pretender',30016,2,44100,16,256,'=3=ah0"k:rW0-6n%4c-&',128,13);
INSERT INTO Song VALUES(179,5,'18 Blueberry Hill.mp3','Blueberry Hill',30016,2,44100,16,256,'FkgqLWLQt<[b5qUC^QRL',126,13);
INSERT INTO Song VALUES(180,5,'18 Tutti Frutti.mp3','Tutti Frutti',30016,2,44100,16,256,'etOnRZr1#FNUk0C\:!jk',117,13);
INSERT INTO Song VALUES(181,5,'18 What Do You Want.mp3','What Do You Want',30016,2,44100,16,256,'RkXMg^ntB,V_l,.''>6,`',152,13);
INSERT INTO Song VALUES(182,5,'19 Shake, Rattle & Roll.mp3','Shake, Rattle & Roll',30016,2,44100,16,256,'GUCopib)1nY+@.RJir(J',153,13);
INSERT INTO Song VALUES(183,5,'19 Sweet Little Sixteen.mp3','Sweet Little Sixteen',30016,2,44100,16,256,'Ne/503oj+9K)St/ZR/bd',154,13);
INSERT INTO Song VALUES(184,5,'20 Heartbeat.mp3','Heartbeat',30016,2,44100,16,256,'b*TMq\,]C3J]9te,80dH',121,13);
INSERT INTO Song VALUES(185,5,'20 La Bamba.mp3','La Bamba',30016,2,44100,16,256,'''@Vk7Mt^?JPg!d.c"j@T',155,13);
INSERT INTO Song VALUES(186,5,'20 Smile.mp3','Smile',30016,2,44100,16,256,'GpdGL&].M"M''<>SERiDc',137,13);
INSERT INTO Song VALUES(187,6,'01 More Than a Feeling.mp3','More Than a Feeling',30016,2,44100,16,257,'^`UVpXnZ7^J`u0kFjT/H',156,14);
INSERT INTO Song VALUES(188,6,'01 My Iron Lung.mp3','My Iron Lung',30016,2,44100,16,257,'1uS_nT\NlRL.JaPjY>"+',157,15);
INSERT INTO Song VALUES(189,6,'01 Smoke On The Water (Single Version).mp3','Smoke On The Water',30016,2,44100,16,257,'D4bW*E,o+KLflehFW))k',158,16);
INSERT INTO Song VALUES(190,6,'01 Summertime Blues.mp3','Summertime Blues',30016,2,44100,16,257,'R+c2m2[r[%Lf*8$%,:K!',113,17);
INSERT INTO Song VALUES(191,6,'01 The Ballroom Blitz.mp3','The Ballroom Blitz',30016,2,44100,16,257,';n@:\cfSU.ONN1InXD'';',159,18);
INSERT INTO Song VALUES(192,6,'01 The House Of The Rising Sun.mp3','The House Of The Rising Sun',30016,2,44100,16,257,']<N3B+T#))TqA+X)??3Z',160,19);
INSERT INTO Song VALUES(193,6,'02 Apache.mp3','Apache',30016,2,44100,16,257,'q>c25r]sf!L@C(QcaJGl',161,17);
INSERT INTO Song VALUES(194,6,'02 Beautiful Ones.mp3','Beautiful Ones',30016,2,44100,16,257,'m^X=0!LI//K3X4WbDj"5',162,15);
INSERT INTO Song VALUES(195,6,'02 Black Betty.mp3','Black Betty',30016,2,44100,16,257,'SDQ]CinmSJX$/te<8*''q',163,14);
INSERT INTO Song VALUES(196,6,'02 Gimme Shelter.mp3','Gimme Shelter',30016,2,44100,16,257,'FtVA+I-t@RVd0ae:02N3',164,20);
INSERT INTO Song VALUES(197,6,'02 Poison.mp3','Poison',30016,2,44100,16,257,'r7u"$:_cfLOmGZD1j2bD',165,18);
INSERT INTO Song VALUES(198,6,'03 Eye of the Tiger.mp3','Eye of the Tiger',30016,2,44100,16,257,'"[>?@H^%Z*]K%dJ*\nQF',166,14);
INSERT INTO Song VALUES(199,6,'03 Let''s Work Together.mp3','Lets Work Together',30016,2,44100,16,257,'/87Sk;.*BJK.%Nk=KF$b',167,20);
INSERT INTO Song VALUES(200,6,'03 Nutbush City Limits.mp3','Nutbush City Limits',30016,2,44100,16,257,'H$-!.0Bcd6U<$FGR^83R',168,16);
INSERT INTO Song VALUES(201,6,'03 Take It On The Run.mp3','Take It On The Run',30016,2,44100,16,257,'AE7cBJA5&CPD5$"#cGIm',169,18);
INSERT INTO Song VALUES(202,6,'04 Carry On Wayward Son.mp3','Carry On Wayward Son',30016,2,44100,16,257,'As>6M)+[qFN#iM,KVJEj',170,18);
INSERT INTO Song VALUES(203,6,'04 In Trance.mp3','In Trance',30016,2,44100,16,257,'GS>5soCPohK\%HgGq=a_',171,14);
INSERT INTO Song VALUES(204,6,'04 Sunshine Superman (Long Reversed Stereo Mix).mp3','Sunshine Superman',30016,2,44100,16,257,'kGQo>)7*.LV,n6n,W,''I',172,19);
INSERT INTO Song VALUES(205,6,'04 The Shape I''m In.mp3','The Shape Im In',30016,2,44100,16,257,'8F2`@FMgt)W4H8^nu;\&',173,20);
INSERT INTO Song VALUES(206,6,'05 Bohemian Like You.mp3','Bohemian Like You',30016,2,44100,16,257,'G:FH1%_Pl?KuPr0;dD91',174,15);
INSERT INTO Song VALUES(207,6,'05 Shakin'' All Over.mp3','Shakin All Over',30016,2,44100,16,257,'1C^urcVRsZ]"G8M8?KfD',175,17);
INSERT INTO Song VALUES(208,6,'06 Hold the Line.mp3','Hold the Line',30016,2,44100,16,257,'-m9hLIIpe1Qg7CM&j1C''',176,14);
INSERT INTO Song VALUES(209,6,'06 No Time.mp3','No Time',30016,2,44100,16,257,'2_-^W7*f&CTMst-U*0@>',177,14);
INSERT INTO Song VALUES(210,6,'06 The Final Countdown.mp3','The Final Countdown',30016,2,44100,16,257,'YY+BqW(C7oWGq+e+!P?O',178,18);
INSERT INTO Song VALUES(211,6,'06 We''ve Gotta To Get Out Of This Place (2002 Remaster).mp3','Weve Gotta To Get Out Of This Place',30016,2,44100,16,257,'7/T35-c&p8LJQ,]=)!*@',160,20);
INSERT INTO Song VALUES(212,6,'07 A Modern Way Of Letting Go.mp3','A Modern Way Of Letting Go',30016,2,44100,16,257,'8Slo)L<3?4[p0(q-cipu',179,15);
INSERT INTO Song VALUES(213,6,'07 Mr. Tambourine Man.mp3','Mr Tambourine Man',30016,2,44100,16,257,'>M%,4=5-t=S-HcBlt1o_',180,14);
INSERT INTO Song VALUES(214,6,'07 Runaway.mp3','Runaway',30016,2,44100,16,257,'E\]NO)XgqRZMi4.a>,Pf',181,14);
INSERT INTO Song VALUES(215,6,'08 Albatross.mp3','Albatross',30016,2,44100,16,257,'rq;t,mBBD^O*r;+JP^-J',182,14);
INSERT INTO Song VALUES(216,6,'08 Call It Rock n'' Roll.mp3','Call It Rock n Roll',30016,2,44100,16,257,'mU+9b-lH99]HC:t4>,(G',183,16);
INSERT INTO Song VALUES(217,6,'08 That Lady, Pt. 1 & 2.mp3','That Lady, Pt 1  2',30016,2,44100,16,257,'YLC''crV''18Mopk]]s&^K',184,14);
INSERT INTO Song VALUES(218,6,'09 Hanging On The Telephone (Album Mix).mp3','Hanging On The Telephone',30016,2,44100,16,257,'7P=TQYhr`uUqOq?%t5@d',185,15);
INSERT INTO Song VALUES(219,6,'09 Just Between You And Me.mp3','Just Between You And Me',30016,2,44100,16,257,'!)@MTD=Lb&Th*c\C$.@T',186,16);
INSERT INTO Song VALUES(220,6,'10 Better By You, Better Than Me.mp3','Better By You, Better Than Me',30016,2,44100,16,257,'C_u#]FPp*hSQ2''>1,1Zj',187,18);
INSERT INTO Song VALUES(221,6,'10 Living For The City.mp3','Living For The City',30016,2,44100,16,257,'TCZ"1N:^(%Vm.mFkA3ZQ',188,16);
INSERT INTO Song VALUES(222,6,'10 Time In A Bottle.mp3','Time In A Bottle',30016,2,44100,16,257,')77_;lrI6c[LQ@R%@(kc',189,19);
INSERT INTO Song VALUES(223,6,'11 Baby Get It On.mp3','Baby Get It On',30016,2,44100,16,257,'j9k^J6./d%Z6=Ll]j:^5',168,17);
INSERT INTO Song VALUES(224,6,'11 Burnin'' For You.mp3','Burnin For You',30016,2,44100,16,257,'k0Z`$rs;]2WEF^.4K8>j',190,18);
INSERT INTO Song VALUES(225,6,'11 Hey You.mp3','Hey You',30016,2,44100,16,257,'d_0mEW3''BXKCR30C6d#C',191,16);
INSERT INTO Song VALUES(226,6,'11 Johnny B. Goode.mp3','Johnny B Goode',30016,2,44100,16,257,'Kc.''+Te]i,\hV[-4uCUG',192,14);
INSERT INTO Song VALUES(227,6,'12 C''Mon Everybody.mp3','CMon Everybody',30016,2,44100,16,257,'Pf''===gqF#Phk,d1_id=',113,15);
INSERT INTO Song VALUES(228,6,'12 Johnny Guitar.mp3','Johnny Guitar',30016,2,44100,16,257,'@X>''3''&HjmRYU/M3(,)6',192,16);
INSERT INTO Song VALUES(229,6,'12 Ma-Ma-Ma Belle.mp3','MaMaMa Belle',30016,2,44100,16,257,'URSoCW/k(J[>*jGc$M8c',110,14);
INSERT INTO Song VALUES(230,6,'13 Gimme Some Lovin''.mp3','Gimme Some Lovin',40021,2,44100,16,257,'%\C3[FdH+;ZFj,8j:VU-',193,16);
INSERT INTO Song VALUES(231,6,'13 Roll Away the Stone.mp3','Roll Away the Stone',30016,2,44100,16,257,'TBeQ"@Q75EJB<^#e_&X''',194,14);
INSERT INTO Song VALUES(232,6,'14 Carol.mp3','Carol',30016,2,44100,16,257,'&<Ca\=cQcKJc:lXh#X/''',195,21);
INSERT INTO Song VALUES(233,6,'14 Since I Met You Baby.mp3','Since I Met You Baby',30016,2,44100,16,257,'+''a-#''hVSWU,,\K''kJ-''',196,16);
INSERT INTO Song VALUES(234,6,'15 Just Because.mp3','Just Because',30016,2,44100,16,257,'L6Y]ID/EE%RkIOH^I;5(',197,16);
INSERT INTO Song VALUES(235,6,'15 Strange Kind Of Woman (2002 Remaster).mp3','Strange Kind Of Woman',30016,2,44100,16,257,'"=6%/6eP9OV^hBsCnrHW',158,20);
INSERT INTO Song VALUES(236,6,'15 Your Mama Don''t Dance.mp3','Your Mama Dont Dance',30016,2,44100,16,257,'_KFNMr^^.+RTtuSWb0S/',198,17);
INSERT INTO Song VALUES(237,6,'16 F.B.I.mp3','FBI',30016,2,44100,16,257,'pH8mW^GB5`NtTq"l!;J1',161,19);
INSERT INTO Song VALUES(238,6,'16 Vicious.mp3','Vicious',30016,2,44100,16,257,'JUs&V8q^,$J]36<e_E&$',199,18);
INSERT INTO Song VALUES(239,6,'17 Filmstar.mp3','Filmstar',30016,2,44100,16,257,'&j.1k[''Wj]\^4.k+M48.',162,17);
INSERT INTO Song VALUES(240,6,'17 Long Train Runnin'' (Live).mp3','Long Train Runnin',30016,2,44100,16,257,'iEXGG4q:oLXU?bp&.2qK',200,14);
INSERT INTO Song VALUES(241,6,'18 Doctor Doctor (7'' Edit).mp3','Doctor Doctor',30016,2,44100,16,257,'0r;h30BZ1qZR[0?X*mqm',201,16);
INSERT INTO Song VALUES(242,6,'18 I Hear You Knocking.mp3','I Hear You Knocking',30016,2,44100,16,257,'D,kSAH:_+$OtYlPK*%GP',202,20);
INSERT INTO Song VALUES(243,6,'18 Just.mp3','Just',30016,2,44100,16,257,'>TDT5B4tJLOWoL@[-Yog',157,17);
INSERT INTO Song VALUES(244,6,'18 While My Guitar Gently Weeps.mp3','While My Guitar Gently Weeps',30016,2,44100,16,257,'?[>SU%*N"_S]+@?gf0)[',203,18);
INSERT INTO Song VALUES(245,6,'19 Hooks in You'' (7'' Mix).mp3','Hooks in You',30016,2,44100,16,257,'JKBdOERe7VUWoB,$q,>]',204,16);
INSERT INTO Song VALUES(246,6,'20 Bring It Back.mp3','Bring It Back',30016,2,44100,16,257,'\,E`F:-Dn9UeLMn<[]F\',205,15);
INSERT INTO Song VALUES(247,6,'20 I Love To Boogie.mp3','I Love To Boogie',30016,2,44100,16,257,'f^&&P_1bkA^*QY#BrE$r',206,17);
INSERT INTO Song VALUES(248,6,'20 Sabre Dance.mp3','Sabre Dance',30016,2,44100,16,257,'mWE"!H>HaR]JiWQ"N,or',202,19);
INSERT INTO Song VALUES(249,6,'20 Silent Lucidity.mp3','Silent Lucidity',30016,2,44100,16,257,'IXC7CJ=09:YIL=e</ac4',207,16);
INSERT INTO Song VALUES(250,7,'01 Baby Love.mp3','Baby Love',30016,2,44100,16,256,'Ro8?X8O-0lWIjXD''r-_q',208,22);
INSERT INTO Song VALUES(251,7,'01 I Heard It Through the Grapevine.mp3','I Heard It Through The Grapevine',30016,2,44100,16,256,'#="hKn"a.*V]lL_iG1#R',209,23);
INSERT INTO Song VALUES(252,7,'01 Let''s Get It On.mp3','Let''s Get It On',30016,2,44100,16,256,'k65#ZH$E6tVF6iMQTR[g',209,24);
INSERT INTO Song VALUES(253,7,'01 Three Times a Lady.mp3','Three Times A Lady',30016,2,44100,16,256,'hs>9?]TQ@!K*]aGp0E-:',210,25);
INSERT INTO Song VALUES(254,7,'02 Dancing in the Street.mp3','Dancing In The Street',30016,2,44100,16,256,'pG)ULAU[l,^(?%<NRHLg',211,22);
INSERT INTO Song VALUES(255,7,'02 Jimmy Mack.mp3','Jimmy Mack',30016,2,44100,16,256,'diSP)_ZNp"Y=cUr$Ps0:',211,23);
INSERT INTO Song VALUES(256,7,'02 Signed, Sealed, Delivered (I''m Yours).mp3','Signed, Sealed, Delivered (I''m Yours)',30016,2,44100,16,256,'_pODP0mm:>SN[*cl+6o7',212,24);
INSERT INTO Song VALUES(257,7,'03 All Night Long (All Night).mp3','All Night Long (All Night)',30016,2,44100,16,256,':Y(,2[XM,uOMAfVgR@mr',213,25);
INSERT INTO Song VALUES(258,7,'03 I Want You Back.mp3','I Want You Back',30016,2,44100,16,256,'F[:qk1L+.aJIN(!6lb%J',214,24);
INSERT INTO Song VALUES(259,7,'03 Reach Out, I''ll Be There.mp3','Reach Out, I''ll Be There',30016,2,44100,16,256,'e"W-(jGR82YMhFKhV>6,',215,22);
INSERT INTO Song VALUES(260,7,'03 You Keep Me Hangin'' On.mp3','You Keep Me Hangin'' On',30016,2,44100,16,256,'6)_g+_ZO(UY]V96G`-tp',208,23);
INSERT INTO Song VALUES(261,7,'04 Papa Was a Rollin'' Stone.mp3','Papa Was A Rollin'' Stone',30016,2,44100,16,256,'NtRg&"=%0=OYVnAJHq`-',216,24);
INSERT INTO Song VALUES(262,7,'04 The Onion Song.mp3','The Onion Song',30016,2,44100,16,256,'''=)&XD[TA[Y6ZeI+P$i@',217,23);
INSERT INTO Song VALUES(263,7,'04 Upside Down.mp3','Upside Down',30016,2,44100,16,256,'Wggsh9+P>s^H.XujcEV=',51,25);
INSERT INTO Song VALUES(264,7,'04 Uptight (Everything''s Alright).mp3','Uptight (Everything''s Alright)',30016,2,44100,16,256,'T''e"BHd#WoZD'';!X<6X0',212,22);
INSERT INTO Song VALUES(265,7,'05 Do You Love Me.mp3','Do You Love Me',30016,2,44100,16,256,'dTU5]%=_F*N3!h8hXeY6',218,22);
INSERT INTO Song VALUES(266,7,'05 River Deep Mountain High.mp3','River Deep Mountain High',30016,2,44100,16,256,'4U8nacBDO7^=p0R3sl2;',219,24);
INSERT INTO Song VALUES(267,7,'05 Super Freak.mp3','Super Freak',30016,2,44100,16,256,'TcQukr"N2hR`;&l2B*+p',220,25);
INSERT INTO Song VALUES(268,7,'06 Please Mr. Postman.mp3','Please Mr. Postman',30016,2,44100,16,256,'?DGN:pcr+PT!Q&XOi9&u',221,22);
INSERT INTO Song VALUES(269,7,'06 Somebody''s Watching Me.mp3','Somebody''s Watching Me',30016,2,44100,16,256,'FTG4<]hqZ5]E/P3I*F\F',222,25);
INSERT INTO Song VALUES(270,7,'06 War.mp3','War',30016,2,44100,16,256,')nMG:/1OqiJ7?>g/E-g9',223,24);
INSERT INTO Song VALUES(271,7,'06 What Becomes of the Brokenhearted.mp3','What Becomes Of The Brokenhearted',30016,2,44100,16,256,'6>LF7]nB5PXVV6W)RF]/',224,23);
INSERT INTO Song VALUES(272,7,'07 Reach Out and Touch (Somebody''s Hand).mp3','Reach Out And Touch (Somebody''s Hand)',30016,2,44100,16,256,'$cUR>i0[I*]\6cu`.r0A',51,23);
INSERT INTO Song VALUES(273,7,'07 You Really Got a Hold on Me.mp3','You Really Got A Hold On Me',30016,2,44100,16,256,')iU+&j$lsAJOJQoj"37e',225,22);
INSERT INTO Song VALUES(274,7,'08 Endless Love.mp3','Endless Love',30016,2,44100,16,256,'E:.E!;;>/+WS+%RJ8%IX',226,25);
INSERT INTO Song VALUES(275,7,'08 My Girl.mp3','My Girl',30016,2,44100,16,256,'!9&UO=e/Q''VS4:*XIHBV',216,22);
INSERT INTO Song VALUES(276,7,'08 You''re All I Need to Get By.mp3','You''re All I Need To Get By',30016,2,44100,16,256,'Z+USO"@--nPg-nIj0r!-',217,23);
INSERT INTO Song VALUES(277,7,'09 Being with You.mp3','Being With You',30016,2,44100,16,256,'mLQ+$+u`NWVOgu7)Q&?G',227,25);
INSERT INTO Song VALUES(278,7,'09 Touch Me in the Morning.mp3','Touch Me In The Morning',30016,2,44100,16,256,'o,dN%Y-1\>Y4-)g69>O6',51,24);
INSERT INTO Song VALUES(279,7,'09 Where Did Our Love Go.mp3','Where Did Our Love Go',30016,2,44100,16,256,'gl$`b/X''1a\$S50D+fr^',208,22);
INSERT INTO Song VALUES(280,7,'10 I Can''t Help Myself.mp3','I Can''t Help Myself',30016,2,44100,16,256,'KAi8%3##=&N7Rd`c7op^',215,22);
INSERT INTO Song VALUES(281,7,'10 My Cherie Amour.mp3','My Cherie Amour',30016,2,44100,16,256,'USZ;L,9B[T]-O*8ZAHMN',212,23);
INSERT INTO Song VALUES(282,7,'11 Don''t Leave Me This Way.mp3','Don''t Leave Me This Way',30016,2,44100,16,256,',]IT]Mdoh''XgG7a''E[;7',228,24);
INSERT INTO Song VALUES(283,7,'11 Nightshift.mp3','Nightshift',30016,2,44100,16,256,'m8fB<g2U"SYiS??:Z=NQ',210,25);
INSERT INTO Song VALUES(284,7,'11 The Tracks of My Tears.mp3','The Tracks Of My Tears',30016,2,44100,16,256,'Q7SpW/]V39L0AYHLpLs:',229,22);
INSERT INTO Song VALUES(285,7,'12 Love Machine.mp3','Love Machine',30016,2,44100,16,256,'1[cst''mNtUS4RSc+tQ@0',225,24);
INSERT INTO Song VALUES(286,7,'12 My Guy.mp3','My Guy',30016,2,44100,16,256,'^sTGlB,Op^X;Q(62GYO[',230,22);
INSERT INTO Song VALUES(287,7,'12 Too Busy Thinking About My Baby.mp3','Too Busy Thinking About My Baby',30016,2,44100,16,256,'4=Q3jJ.5I\O2COaetEXn',209,23);
INSERT INTO Song VALUES(288,7,'12 Treat Her Like a Lady.mp3','Treat Her Like A Lady',30016,2,44100,16,256,'?A-%namN*]RKR$$(C0V1',216,25);
INSERT INTO Song VALUES(289,7,'13 (Love Is Like A) Heatwave.mp3','(Love Is Like A) Heatwave',30016,2,44100,16,256,']sN7[NC?mgLH,pbB8T[`',211,22);
INSERT INTO Song VALUES(290,7,'13 I''m Coming Out.mp3','I''m Coming Out',30016,2,44100,16,256,'4&FqH%f91]Kbl>F>=#Uh',51,25);
INSERT INTO Song VALUES(291,7,'13 The Happening.mp3','The Happening',30016,2,44100,16,256,';.J''>P8[:DQXd;lcB6pL',208,23);
INSERT INTO Song VALUES(292,7,'13 You Are Everything.mp3','You Are Everything',30016,2,44100,16,256,'d^$nsULdfKY9tr:*^PeP',231,24);
INSERT INTO Song VALUES(293,7,'14 Don''t Look Any Further.mp3','Don''t Look Any Further',30016,2,44100,16,256,'[;L@e&meG-[:uZnEBkm;',232,25);
INSERT INTO Song VALUES(294,7,'14 It''s a Shame.mp3','It''s A Shame',30016,2,44100,16,256,'dhNa-n^gipTV-3Vg1f76',233,23);
INSERT INTO Song VALUES(295,7,'14 Needle in a Haystack.mp3','Needle In A Haystack',30016,2,44100,16,256,')F#N^r<Q8CJcj$''RCeMT',234,22);
INSERT INTO Song VALUES(296,7,'14 One Day in Your Life.mp3','One Day In Your Life',30016,2,44100,16,256,'jjP-1ft(#3KL#R9j+0iV',44,24);
INSERT INTO Song VALUES(297,7,'15 Ain''t No Mountain High Enough.mp3','Ain''t No Mountain High Enough',30016,2,44100,16,256,'m\Y%!6`a<tRu7r/*&V?4',51,23);
INSERT INTO Song VALUES(298,7,'15 Do You Know Where You''re Going To [Theme from ''''Mahogany''''].mp3','Do You Know Where You''re Going To',30016,2,44100,16,256,'+=7bMWI.Pp]dn8@G;iG,',51,24);
INSERT INTO Song VALUES(299,7,'15 It''s the Same Old Song.mp3','It''s The Same Old Song',30016,2,44100,16,256,'F>A+pjPO</T;ftgK]Y.!',215,22);
INSERT INTO Song VALUES(300,7,'16 Dancing on the Ceiling.mp3','Dancing On The Ceiling',30016,2,44100,16,256,'$:AtOjR?/eP9''Q%Gs+U6',213,25);
INSERT INTO Song VALUES(301,7,'16 Easy.mp3','Easy',30016,2,44100,16,256,'k,(b=+okSkPQVf:K:9Dr',210,24);
INSERT INTO Song VALUES(302,7,'16 Get Ready.mp3','Get Ready',30016,2,44100,16,256,'nQEa[(+E9f^Lj*MD"a.e',216,22);
INSERT INTO Song VALUES(303,7,'17 I Love Your Smile.mp3','I Love Your Smile',30016,2,44100,16,256,'IC''sT[-V$$U#i''^./_R0',235,25);
INSERT INTO Song VALUES(304,7,'17 Someday We''ll Be Together.mp3','Someday We''ll Be Together',30016,2,44100,16,256,'WP2WUk''0pt[l9`R\L:!^',236,23);
INSERT INTO Song VALUES(305,7,'17 Stop! (In the Name of Love).mp3','Stop! (In The Name Of Love)',30016,2,44100,16,256,'J6Z''tZX-NfP2@^`:PjL@',208,22);
INSERT INTO Song VALUES(306,7,'18 Ain''t Too Proud to Beg.mp3','Ain''t Too Proud To Beg',30016,2,44100,16,256,'hZrUfliL,mMTUA,?SQO4',216,23);
INSERT INTO Song VALUES(307,7,'18 How Sweet It Is (To Be Loved by You).mp3','How Sweet It Is (To Be Loved By You)',30016,2,44100,16,256,'R]?.k_Z=#ANLa+59mdSH',209,22);
INSERT INTO Song VALUES(308,7,'18 Rhythm of the Night.mp3','Rhythm Of The Night',30016,2,44100,16,256,'N^tJ?k#,3,PgbA69+X]C',237,25);
INSERT INTO Song VALUES(309,7,'19 I''m Still Waiting.mp3','I''m Still Waiting',30016,2,44100,16,256,'L1f/[A2.)KQl/,eX@0B)',51,23);
INSERT INTO Song VALUES(310,7,'19 My Destiny.mp3','My Destiny',30016,2,44100,16,256,'HP[NSe9#"nJrCIA#YGXJ',213,25);
INSERT INTO Song VALUES(311,7,'20 I''ll Be There.mp3','I''ll Be There',30016,2,44100,16,256,'F+gBqkdj_d]ur46,B-cU',214,23);
INSERT INTO Song VALUES(312,7,'20 I''ll Make Love to You.mp3','I''ll Make Love To You',30016,2,44100,16,256,'8sqfXD3J.sUq/2erurE:',238,25);
INSERT INTO Song VALUES(313,7,'20 Nowhere to Run.mp3','Nowhere To Run',30016,2,44100,16,256,'QCZ$<XMS7GP@N=GHMMCd',211,22);
INSERT INTO Song VALUES(314,7,'21 Shotgun.mp3','Shotgun',30016,2,44100,16,256,'0770)JE''_SWSCi2r:D3K',239,22);
INSERT INTO Song VALUES(315,7,'21 What''s Going On.mp3','What''s Going On',30016,2,44100,16,256,'A(%''oZ6</:Q_Fr/i"OL>',209,23);
INSERT INTO Song VALUES(316,7,'22 Brick House.mp3','Brick House',30016,2,44100,16,256,'?p:_(q79YDX"F@I2I64Y',210,24);
INSERT INTO Song VALUES(317,7,'22 For Once in My Life.mp3','For Once In My Life',30016,2,44100,16,256,'$M%sqFYm9GJ`PW0#H_u$',212,23);
INSERT INTO Song VALUES(318,7,'22 It Takes Two.mp3','It Takes Two',30016,2,44100,16,256,'kC3m5E`?/&ZOVfF<Y(@,',240,22);
INSERT INTO Song VALUES(319,7,'23 This Old Heart of Mine (Is Weak for You).mp3','This Old Heart Of Mine (Is Weak For You)',30016,2,44100,16,256,'=!%D-.]6<tR=&^FCiMWY',184,22);
INSERT INTO Song VALUES(320,7,'24 ABC.mp3','Abc',30016,2,44100,16,256,'og]1(-_ap[R<0><Nie1d',214,23);
INSERT INTO Song VALUES(321,7,'24 You Can''t Hurry Love.mp3','You Can''t Hurry Love',30016,2,44100,16,256,'G@#*s,Z7`=Mgm_!%^gEQ',208,22);
INSERT INTO Song VALUES(322,7,'25 The Tears of a Clown.mp3','The Tears Of A Clown',30016,2,44100,16,256,'HD?khe;-pHN!kqH!_Ic3',229,23);
INSERT INTO Song VALUES(323,7,'26 Standing in the Shadows of Love.mp3','Standing In The Shadows Of Love',30016,2,44100,16,256,'Yj?#4cmN#+Q+*WRZG?et',215,22);
INSERT INTO Song VALUES(324,7,'27 Just My Imagination (Running Away with Me).mp3','Just My Imagination (Running Away With Me)',30016,2,44100,16,256,'nfOZoTRB^?LZ@?JSOQ5[',216,22);
INSERT INTO Song VALUES(325,7,'28 Heaven Must Have Sent You.mp3','Heaven Must Have Sent You',30016,2,44100,16,256,'3s\6fB51AsX1N^0q;(J"',241,22);
INSERT INTO Song VALUES(326,8,'01-01- We Will Rock You (Remastered).mp3','We Will Rock You',30016,2,44100,16,256,'de0bLR?:;uQ;1a7gXS]/',242,26);
INSERT INTO Song VALUES(327,8,'01-02- You Give Love A Bad Name.mp3','You Give Love A Bad Name',30016,2,44100,16,256,'K,WchXYs/#ZhfK%,1h?L',243,26);
INSERT INTO Song VALUES(328,8,'01-03- Ace Of Spades.mp3','Ace Of Spades',30016,2,44100,16,256,'cU7tEX-ZosU^YY7Na@J''',244,26);
INSERT INTO Song VALUES(329,8,'01-04- Bat Out Of Hell.mp3','Bat Out Of Hell',30016,2,44100,16,256,'fjlBMo<_>dUo^L8N5kEk',245,26);
INSERT INTO Song VALUES(330,8,'01-05- The Boys Are Back In Town.mp3','The Boys Are Back In Town',30016,2,44100,16,256,'m/^r3>bG*jTfg)F1n_3%',246,26);
INSERT INTO Song VALUES(331,8,'01-06- Gimme All Your Lovin.mp3','Gimme All Your Lovin',30016,2,44100,16,256,'gl&s\jMFquM8[Y4E@O.5',247,26);
INSERT INTO Song VALUES(332,8,'01-07- Since You Been Gone.mp3','Since You Been Gone',25013,2,44100,16,270,'/\8cSUBFmC\''_mfH_L3I',248,26);
INSERT INTO Song VALUES(333,8,'01-08- Here I Go Again.mp3','Here I Go Again',30016,2,44100,16,256,'ndS?qS%r9:\YR.*?3b)#',249,26);
INSERT INTO Song VALUES(334,8,'01-09- Start Me Up.mp3','Start Me Up',30016,2,44100,16,256,':&,E@'')YRKR,CEtPBYoY',250,26);
INSERT INTO Song VALUES(335,8,'01-10- Who Are You (Edit).mp3','Who Are You',30016,2,44100,16,256,'8RIlV$@6(OMHCGK#eG3h',251,26);
INSERT INTO Song VALUES(336,8,'01-11- Wild Thing.mp3','Wild Thing',30016,2,44100,16,256,'fOI>9e)=L7RF/2WPf`6;',252,26);
INSERT INTO Song VALUES(337,8,'01-12- You Really Got Me.mp3','You Really Got Me',30016,2,44100,16,256,'\d5?n`Sb"ZOtC^-MQ#qB',253,26);
INSERT INTO Song VALUES(338,8,'01-13- Poison (Single Version).mp3','Poison',30016,2,44100,16,256,'mgN#WA+*I_Vmb,1i66;$',165,26);
INSERT INTO Song VALUES(339,8,'01-14- Silver Machine (Single Version).mp3','Silver Machine',30016,2,44100,16,256,'(ZUc]Wd.DPShPTr#@,al',254,26);
INSERT INTO Song VALUES(340,8,'01-15- Black Betty.mp3','Black Betty',30016,2,44100,16,256,'cJRhDJHB-mNI@H*NS+rM',163,26);
INSERT INTO Song VALUES(341,8,'01-16- You Ain t Seen Nothing Yet (Single Version).mp3','You Ain''t Seen Nothing Yet',30016,2,44100,16,256,'lFS0/H3[BJN4(.3^$k#n',255,26);
INSERT INTO Song VALUES(342,8,'01-17- Crazy Crazy Nights.mp3','Crazy Crazy Nights',30016,2,44100,16,256,'TL(*GLi-+&OrQkOLt:;(',256,26);
INSERT INTO Song VALUES(343,8,'01-18- More Than A Feeling.mp3','More Than A Feeling',25013,2,44100,16,319,'aRB/tO`t!.O^cauQ**Mq',156,26);
INSERT INTO Song VALUES(344,8,'01-19- Cold As Ice.mp3','Cold As Ice',25013,2,44100,16,282,'P;#]FB`;;=XBZh`A?C7N',257,26);
INSERT INTO Song VALUES(345,8,'01-20- Live And Let Die.mp3','Live And Let Die',30016,2,44100,16,256,'87Yh*/r`rHYR_oB9Xp(c',258,26);
INSERT INTO Song VALUES(346,8,'01-21- The Joker.mp3','The Joker',30016,2,44100,16,256,'fsdi8qTDn4TTD!]a,*82',259,26);
INSERT INTO Song VALUES(347,8,'01_break_on_through.mp3','Break On Through',25013,2,44100,16,128,'`I`;bH1tSTQA$X''0DC/"',260,27);
INSERT INTO Song VALUES(348,8,'02 Killing In The Name.mp3','Killing In The Name',25013,2,44100,16,357,'V^9giYFo#(RI2rkV''^,e',261,28);
INSERT INTO Song VALUES(349,8,'02 You Don''t Know What Love Is (You Just Do As You''re Told).mp3','You Don''t Know What Love Is (You Just Do As You''re Told)',25013,2,44100,16,192,'!_1nV''FA#!NSkCDoT;A=',262,29);
INSERT INTO Song VALUES(350,8,'02-01- Rockin All Over The World.mp3','Rockin'' All Over The World',25013,2,44100,16,292,')Mij7\Wp#7[s)5^_kTG4',263,26);
INSERT INTO Song VALUES(351,8,'02-02- All Right Now [Clean].mp3','All Right Now',25013,2,44100,16,278,'/AZTC*5G\/MsdOE3/pst',264,26);
INSERT INTO Song VALUES(352,8,'02-03- Addicted To Love (Edit).mp3','Addicted To Love',30016,2,44100,16,256,'NrMlN<i''*GQN9&/-6%''"',265,26);
INSERT INTO Song VALUES(353,8,'02-04- Run To You.mp3','Run To You',30016,2,44100,16,256,'h`rTtU\J$2\k]90]H*bt',266,26);
INSERT INTO Song VALUES(354,8,'02-05- Sweet Home Alabama (Edit).mp3','Sweet Home Alabama',30016,2,44100,16,256,'OeOOrWgd+TN[_`"rV1i&',267,26);
INSERT INTO Song VALUES(355,8,'02-06- Wind Of Change (Edit).mp3','Wind Of Change',30016,2,44100,16,256,'U.^XZ?Ck/kUM2V#m2[on',171,26);
INSERT INTO Song VALUES(356,8,'02-07- Born To Be Wild.mp3','Born To Be Wild',30016,2,44100,16,256,'m#5*LDVA68Vbb5/:Z8VY',268,26);
INSERT INTO Song VALUES(357,8,'02-08- Smoke On The Water (Remastered).mp3','Smoke On The Water',25013,2,44100,16,293,'h&d0I00WX.V17;nCi(#e',158,26);
INSERT INTO Song VALUES(358,8,'02-09- (Don t Fear) The Reaper.mp3','(Don’t Fear) The Reaper',25039,2,44100,16,273,'Tla,^,J%6_JD2;DcX*9X',269,26);
INSERT INTO Song VALUES(359,8,'02-10- Symphony Of Destruction.mp3','Symphony Of Destruction',30016,2,44100,16,256,'mYif:Uf12^PoQ5X%]OJm',270,26);
INSERT INTO Song VALUES(360,8,'02-11- Real Wild Child (Wild One).mp3','Real Wild Child (Wild One)',30016,2,44100,16,256,'=/+rYAo_)6L@;8o9ET25',271,26);
INSERT INTO Song VALUES(361,8,'02-12- White Wedding (Pt 1).mp3','White Wedding (Pt. 1)',25013,2,44100,16,296,'"+mB/[''!aYT(t3>-M\e&',272,26);
INSERT INTO Song VALUES(362,8,'02-13- You Wear It Well.mp3','You Wear It Well',30016,2,44100,16,256,'h!+DW[XV4XRR''''Z$eF\1',273,26);
INSERT INTO Song VALUES(363,8,'02-14- All Shook Up.mp3','All Shook Up',30016,2,44100,16,256,'%Up^ITqGX8U"4fkrN*G?',274,26);
INSERT INTO Song VALUES(364,8,'02-15- Peaches (Radio Edit).mp3','Peaches',30016,2,44100,16,256,'_,d4$Vnc+oX*=T8EZB);',275,26);
INSERT INTO Song VALUES(365,8,'02-16- My Sharona (Single Version).mp3','My Sharona',30016,2,44100,16,256,'_D5mCbX,,TO,H*X[YI`3',276,26);
INSERT INTO Song VALUES(366,8,'02-17- Hit Me With Your Best Shot (Remastered).mp3','Hit Me With Your Best Shot',30016,2,44100,16,256,']T7`KD4OoDU:u83V]sDf',277,26);
INSERT INTO Song VALUES(367,8,'02-18- The House Of The Rising Sun.mp3','The House Of The Rising Sun',25013,2,44100,16,231,'REn6LjM"TOQ(cfMpI+nR',160,26);
INSERT INTO Song VALUES(368,8,'02-19- Going Underground.mp3','Going Underground',30016,2,44100,16,256,'J3b!Og#l>"TRX]%,LHV@',278,26);
INSERT INTO Song VALUES(369,8,'02-20- Teenage Kicks.mp3','Teenage Kicks',25013,2,44100,16,312,'KRoS?3$D<GOArk:@2eND',279,26);
INSERT INTO Song VALUES(370,8,'02_a_design_for_life.mp3','A Design For Life',30003,2,44100,16,128,'I66nD;WV''G^"d7I2`F;O',280,30);
INSERT INTO Song VALUES(371,8,'03-01- Pride (In The Name Of Love).mp3','Pride (In The Name Of Love)',30016,2,44100,16,256,'):!_HJh^5#S*>mm.]V2+',281,26);
INSERT INTO Song VALUES(372,8,'03-03- Dakota.mp3','Dakota',30016,2,44100,16,256,'U+fEg@k1]J^XlQ(V/:TS',282,26);
INSERT INTO Song VALUES(373,8,'03-04- I Believe In A Thing Called Love.mp3','I Believe In A Thing Called Love',25013,2,44100,16,316,'6qY_*?@,t[QU[VVLT:2<',283,26);
INSERT INTO Song VALUES(374,8,'03-05- Mr Brightside.mp3','Mr. Brightside',30016,2,44100,16,256,'o>NEj(suKfZ9@4no5N]''',284,26);
INSERT INTO Song VALUES(375,8,'03-06- Fly Away.mp3','Fly Away',30016,2,44100,16,256,'31<g&c;\-R]iUC+\&b^E',285,26);
INSERT INTO Song VALUES(376,8,'03-07- Inside.mp3','Inside',30016,2,44100,16,256,'CLCpKp^9oiN?N!M65*m=',286,26);
INSERT INTO Song VALUES(377,8,'03-08- Cats In The Cradle.mp3','Cats In The Cradle',30016,2,44100,16,256,'\#Z7hR+#''XRp;18SP#aQ',287,26);
INSERT INTO Song VALUES(378,8,'03-09- Black Hole Sun (Edit).mp3','Black Hole Sun',30016,2,44100,16,256,'(=MeT.rA2NX_nauZ$fOF',288,26);
INSERT INTO Song VALUES(379,8,'03-14- Free Bird.mp3','Free Bird',30016,2,44100,16,256,'UCs0&g''q9P\_bUR=PHYr',267,26);
INSERT INTO Song VALUES(380,8,'03-17- Something In The Air.mp3','Something In The Air',30016,2,44100,16,256,'Gn4lX"iXO8\AN_\8hQg1',289,26);
INSERT INTO Song VALUES(381,8,'03-19- Creep [Explicit].mp3','Creep',25013,2,44100,16,318,'3g%(2AsQJr\*YPlF^*bJ',157,26);
INSERT INTO Song VALUES(382,8,'give_it_away.mp3','Give It Away',25013,2,44100,16,192,'>k]<>bHXl/Ur<#bq6G+.',290,3);
INSERT INTO Song VALUES(383,8,'i_bet_you_look_good_on_the_dancefloor.mp3','I Bet You Look Good On The Dancefloor',25013,2,44100,16,192,'\S-0Y7jhL=NF4L::aRP1',41,5);
INSERT INTO Song VALUES(384,8,'purple_haze.mp3','Purple Haze',25013,2,44100,16,192,'32UNJ_),@"J3=sH6Y3bk',291,31);
INSERT INTO Song VALUES(385,9,'01-01- How Deep Is Your Love.mp3','How Deep Is Your Love',30016,2,44100,16,256,'>EEa4>/=L+JjIi&S^1W@',292,32);
INSERT INTO Song VALUES(386,9,'01-02- December, 1963 (Oh What A Night!).mp3','December, 1963 (Oh What A Night!)',30016,2,44100,16,256,'-dU,Z:4-*7NWTnJq`rWS',293,32);
INSERT INTO Song VALUES(387,9,'01-03- Kissin In The Back Row Of The Movies.mp3','Kissin'' In The Back Row Of The Movies',30016,2,44100,16,256,'Zf"u`X3+Qs[h-Pq->MH"',294,32);
INSERT INTO Song VALUES(388,9,'01-04- Dont Stop.mp3','Don''t Stop',30016,2,44100,16,256,'[1;"%:WcPj]o[r8A\MXr',182,32);
INSERT INTO Song VALUES(389,9,'01-05- A Horse with No Name.mp3','A Horse with No Name',30016,2,44100,16,256,'ke#=j]''EDJM#.as_As9Y',295,32);
INSERT INTO Song VALUES(390,9,'01-07- He Aint Heavy Hes My Brother.mp3','He Ain''t Heavy He''s My Brother',30016,2,44100,16,256,'$:7psc\G=$R4G@00MS\:',296,32);
INSERT INTO Song VALUES(391,9,'01-08- Make Me Smile (Come Up And See Me).mp3','Make Me Smile (Come Up And See Me)',30016,2,44100,16,256,'eo9''MUc;C;\C;eD>PCD4',297,32);
INSERT INTO Song VALUES(392,9,'01-09- Long Train Runnin.mp3','Long Train Runnin''',30016,2,44100,16,256,'%8<KdNrr]?U:_Q<<pf#a',200,32);
INSERT INTO Song VALUES(393,9,'01-10- Baker Street.mp3','Baker Street',30016,2,44100,16,256,'D)[=Q9j_!TY5''Nu98rf9',298,32);
INSERT INTO Song VALUES(394,9,'01-11- How Long.mp3','How Long',30016,2,44100,16,256,':hf)_`$Sc\\>>K+eZ@9S',299,32);
INSERT INTO Song VALUES(395,9,'01-12- Wuthering Heights.mp3','Wuthering Heights',30016,2,44100,16,256,'!5hWg$nP6;[2YG>5n''=7',300,32);
INSERT INTO Song VALUES(396,9,'01-14- Fool (If You Think Its Over).mp3','Fool (If You Think It''s Over)',30016,2,44100,16,256,'5<jV8;2eAn\4VVsm\40%',301,32);
INSERT INTO Song VALUES(397,9,'01-15- Shes Gone (Single Version).mp3','She''s Gone',30016,2,44100,16,256,'mRC\U$40u%T1-lU#itn4',86,32);
INSERT INTO Song VALUES(398,9,'01-16- Love Is In The Air.mp3','Love Is In The Air',30016,2,44100,16,256,'6O>t,41ehQJG3;q3kpoU',302,32);
INSERT INTO Song VALUES(399,9,'01-17- If I Said You Had A Beautiful Body Would You Hold It Against Me.mp3','If I Said You Had A Beautiful Body Would You Hold It Against Me',30016,2,44100,16,256,'X,@`''<*3,!^0fU3E+_K0',303,32);
INSERT INTO Song VALUES(400,9,'01-19- Werewolves Of London.mp3','Werewolves Of London',30016,2,44100,16,256,'3F7P''qX[k1QI(XZ$a8.8',304,32);
INSERT INTO Song VALUES(401,9,'01-20- Baby Im-A Want You.mp3','Baby I''m-A Want You',30016,2,44100,16,256,'-EL_BbJ7H^VZq,D^3Z]?',305,32);
INSERT INTO Song VALUES(402,9,'01-21- Softly Whispering I Love You.mp3','Softly Whispering I Love You',30016,2,44100,16,256,'8&WZ7EG8UARnY[hniQ.0',306,32);
INSERT INTO Song VALUES(403,9,'01-22- Spirit in the Sky.mp3','Spirit in the Sky',30016,2,44100,16,256,'Ul,D%0(MhjTJ$O<!H\^''',307,32);
INSERT INTO Song VALUES(404,9,'01-23- See My Baby Jive.mp3','See My Baby Jive',30016,2,44100,16,256,'Qef$UWd\(jJEui[3L4`+',308,32);
INSERT INTO Song VALUES(405,9,'01-24- Schools Out.mp3','School''s Out',30016,2,44100,16,256,'DT98k&^=O0V#$D$rW)6[',165,32);
INSERT INTO Song VALUES(406,9,'01-25- Stay With Me.mp3','Stay With Me',30016,2,44100,16,256,'nrlG%am!''.JX;)"\?7@4',309,32);
INSERT INTO Song VALUES(407,9,'01-26- 20th Century Boy.mp3','20th Century Boy',30016,2,44100,16,256,'#S6u9@5(Y2\PFV`WItR%',310,32);
INSERT INTO Song VALUES(408,9,'01-28- Cant Get Enough.mp3','Can''t Get Enough',30016,2,44100,16,256,'/oZ.<F]2ROW&it/Ae)53',311,32);
INSERT INTO Song VALUES(409,9,'01-29- Son Of My Father.mp3','Son Of My Father',30016,2,44100,16,256,'<I4Aca:DScX`%F?fHf0r',312,32);
INSERT INTO Song VALUES(410,9,'01-30- Devil Gate Drive.mp3','Devil Gate Drive',30016,2,44100,16,256,'Ubua''PH.iDQuRQ1UW<Z@',313,32);
INSERT INTO Song VALUES(411,9,'01-31- Black Betty.mp3','Black Betty',30016,2,44100,16,256,'atHr4?&;DsZu6=#TL''"H',163,32);
INSERT INTO Song VALUES(412,9,'01-32- I Hear You Knocking.mp3','I Hear You Knocking',30016,2,44100,16,256,',5P;%<!lNAMF3*BQYq3X',202,32);
INSERT INTO Song VALUES(413,9,'01-33- Hit Me With Your Rhythm Stick.mp3','Hit Me With Your Rhythm Stick',30016,2,44100,16,256,'3nA_k''H:6kOI!g38:XO:',314,32);
INSERT INTO Song VALUES(414,9,'01-34- Pop Muzik.mp3','Pop Muzik',30016,2,44100,16,256,'PrAu^GQ:t+M+c:oUCM#O',315,32);
INSERT INTO Song VALUES(415,9,'01-35- Kid.mp3','Kid',30016,2,44100,16,256,'jODpY&F`USNd''''llb7h*',316,32);
INSERT INTO Song VALUES(416,9,'01-36- Just What I Needed.mp3','Just What I Needed',30016,2,44100,16,256,'Fb>2L.K<78Nl(kl6/p''`',317,32);
INSERT INTO Song VALUES(417,9,'01-37- Milk and Alcohol.mp3','Milk and Alcohol',30016,2,44100,16,256,')fe_e''lmH&Y_/E$9g5N@',318,32);
INSERT INTO Song VALUES(418,9,'01-38- No More Heroes.mp3','No More Heroes',30016,2,44100,16,256,'\N8ZB2cO(0Z!`7r6jj%i',275,32);
INSERT INTO Song VALUES(419,9,'01-39- I Only Want To Be With You.mp3','I Only Want To Be With You',30016,2,44100,16,256,'7FtRY=%-KQU7Y%PQ`/p]',319,32);
INSERT INTO Song VALUES(420,9,'01-41- Oh Boy.mp3','Oh Boy',30016,2,44100,16,256,'\FK4VTiGBAL/^aHmYbke',320,32);
INSERT INTO Song VALUES(421,9,'01-42- Substitute.mp3','Substitute',30016,2,44100,16,256,'X1=3/Yl7\)O(qL%.Ne97',321,32);
INSERT INTO Song VALUES(422,9,'01-43- January.mp3','January',30016,2,44100,16,256,'8Z3H@Xmo=NW,s=1Vd&&L',322,32);
INSERT INTO Song VALUES(423,9,'01-44- You Sexy Thing.mp3','You Sexy Thing',30016,2,44100,16,256,'J4BdYIFV55RZ)U/P&r,;',323,32);
INSERT INTO Song VALUES(424,9,'01-45- Rivers Of Babylon.mp3','Rivers Of Babylon',30016,2,44100,16,256,'a!\j"o[$`k]cZ@bp''CGN',324,32);
INSERT INTO Song VALUES(425,9,'01-46- I Want Your Love.mp3','I Want Your Love',30016,2,44100,16,256,'9?sgsa+mJ+RZj/s1[eTM',45,32);
INSERT INTO Song VALUES(426,9,'01-47- Golden Years (Single Version) [2014 Remastered Version].mp3','Golden Years',30016,2,44100,16,256,'c<^581BUZ9W^fk8Dts$<',325,32);
INSERT INTO Song VALUES(427,9,'01-48- You To Me Are Everything.mp3','You To Me Are Everything',30016,2,44100,16,256,'s&jeuM%<aPOFdl#]bZPM',326,32);
INSERT INTO Song VALUES(428,9,'01-49- Im Every Woman.mp3','I''m Every Woman',30016,2,44100,16,256,'.>AghUXrGWQ-?P,4f^Z''',49,32);
INSERT INTO Song VALUES(429,9,'01-50- Rappers Delight.mp3','Rapper''s Delight',30016,2,44100,16,256,'o"m-Wqh7pd[DA&r==u#i',327,32);
INSERT INTO Song VALUES(430,9,'01-51- Love Really Hurts Without You.mp3','Love Really Hurts Without You',30016,2,44100,16,256,'T;WF2%XhNNKMf8]6#K5Z',89,32);
INSERT INTO Song VALUES(431,9,'01-52- Give Me Just A Little More Time.mp3','Give Me Just A Little More Time',30016,2,44100,16,256,']B84M1auJcK]>4*Y&=jq',328,32);
INSERT INTO Song VALUES(432,9,'01-53- Young Hearts Run Free.mp3','Young Hearts Run Free',40021,2,44100,16,256,'@$3e$HQH7FX,7eo52#A5',55,32);
INSERT INTO Song VALUES(433,9,'01-54- Love Dont Live Here Anymore.mp3','Love Don''t Live Here Anymore',30016,2,44100,16,256,'<kfNA5#tjP\lcW",L6On',72,32);
INSERT INTO Song VALUES(434,9,'01-55- We Are Family.mp3','We Are Family',30016,2,44100,16,256,'p09WB&Qr,.NY$''dXgSYf',48,32);
INSERT INTO Song VALUES(435,9,'01-56- Black Is Black.mp3','Black Is Black',30016,2,44100,16,256,'a0>Q/`"cVgP''?i5n03q=',329,32);
INSERT INTO Song VALUES(436,9,'01-57- The Hustle.mp3','The Hustle',30016,2,44100,16,256,'Gq(o@J-JuT]5Mt*UDRN+',330,32);
INSERT INTO Song VALUES(437,9,'01-59- Dancing In The City.mp3','Dancing In The City',30016,2,44100,16,256,'q.^5gU]aQ_\3^.)GNSge',331,32);
INSERT INTO Song VALUES(438,9,'01-60- Tired Of Being Alone.mp3','Tired Of Being Alone',30016,2,44100,16,256,'<E!gU4VV*hSe(#d?(f!r',332,32);
INSERT INTO Song VALUES(439,9,'01-61- Could It Be Im Falling In Love.mp3','Could It Be I''m Falling In Love',30016,2,44100,16,256,'RDIkH8f1m"YmI^1,VJP7',333,32);
INSERT INTO Song VALUES(440,9,'01-62- Sad Sweet Dreamer.mp3','Sad Sweet Dreamer',30016,2,44100,16,256,'kH5kap.\BNL3JtVYsV!s',334,32);
INSERT INTO Song VALUES(441,9,'01-64- Israelites.mp3','Israelites',30016,2,44100,16,256,'MimdC&?oMRTte"[$;3b;',335,32);
INSERT INTO Song VALUES(442,9,'01-65- A Message to You Rudy (feat Rico).mp3','A Message to You Rudy (feat. Rico)',30016,2,44100,16,256,':EN5e?3F64VhPNmjqR>4',336,32);
INSERT INTO Song VALUES(443,9,'01-66- The Prince.mp3','The Prince',30016,2,44100,16,256,'3LMd00kaB%L]Bae<H*Rg',337,32);
INSERT INTO Song VALUES(444,10,'01-02- (Sittin On) The Dock Of The Bay.mp3','(Sittin'' On) The Dock Of The Bay',30016,2,44100,16,256,'W,,Y[Cs6"U\ma$h,@83&',338,33);
INSERT INTO Song VALUES(445,10,'01-03- Stand By Me.mp3','Stand By Me',30016,2,44100,16,256,'*BKWbOHia][</H[I1F-s',339,33);
INSERT INTO Song VALUES(446,10,'01-04- I Heard It Through The Grapevine.mp3','I Heard It Through The Grapevine',30016,2,44100,16,256,'ksK!Mg=9+jKh1BhD>e=g',209,33);
INSERT INTO Song VALUES(447,10,'01-05- Baby Love.mp3','Baby Love',30016,2,44100,16,256,'qRj_@rk)AgOU2M;[Z`\i',208,33);
INSERT INTO Song VALUES(448,10,'01-06- Reach Out Ill Be There.mp3','Reach Out I''ll Be There',30016,2,44100,16,256,'qT<+X0kamsPIR0C\b]mD',215,33);
INSERT INTO Song VALUES(449,10,'01-07- Oh, Pretty Woman.mp3','Oh, Pretty Woman',30016,2,44100,16,256,'4''5/$ba;QOUn`cNo;q.u',129,33);
INSERT INTO Song VALUES(450,10,'01-08- Daydream Believer.mp3','Daydream Believer',30016,2,44100,16,256,'"*LReHkTh''Sq:d"+]ecE',340,33);
INSERT INTO Song VALUES(451,10,'01-09- Young Girl.mp3','Young Girl',30016,2,44100,16,256,'pft#Wl&JdmT5X&''%U1YI',341,33);
INSERT INTO Song VALUES(452,10,'01-10- He Aint Heavy Hes My Brother.mp3','He Ain''t Heavy He''s My Brother',30016,2,44100,16,256,'R^]m[''F[l>Sl?!18%-Fo',296,33);
INSERT INTO Song VALUES(453,10,'01-11- When A Man Loves A Woman.mp3','When A Man Loves A Woman',30016,2,44100,16,256,'6gD=(<Ou!@JL''K8PD/BR',342,33);
INSERT INTO Song VALUES(454,10,'01-12- I Say A Little Prayer.mp3','I Say A Little Prayer',30016,2,44100,16,256,'[JjCI''n9G:[KWYhC4`47',343,33);
INSERT INTO Song VALUES(455,10,'01-13- Under The Boardwalk.mp3','Under The Boardwalk',30016,2,44100,16,256,'@$nk(F#[+''VA=U>!7+pD',294,33);
INSERT INTO Song VALUES(456,10,'01-14- A Groovy Kind of Love.mp3','A Groovy Kind of Love',30016,2,44100,16,256,'5b;k;''^B&%V,)NJ3p1DF',344,33);
INSERT INTO Song VALUES(457,10,'01-15- What Becomes Of The Broken Hearted.mp3','What Becomes Of The Broken Hearted',30016,2,44100,16,256,'+d1:TGSO&)^2p+#ftQ:D',224,33);
INSERT INTO Song VALUES(458,10,'01-16- Walk On By.mp3','Walk On By',30016,2,44100,16,257,'/g-K)2c*A)UETm`S<cm[',345,33);
INSERT INTO Song VALUES(459,10,'01-17- Will You Love Me Tomorrow.mp3','Will You Love Me Tomorrow',30016,2,44100,16,256,'n(0DV1acU9S<`T/>"`R6',346,33);
INSERT INTO Song VALUES(460,10,'01-18- Everlasting Love.mp3','Everlasting Love',30016,2,44100,16,256,'n<N<[OptTYSurD"Y77B0',347,33);
INSERT INTO Song VALUES(461,10,'01-19- California Dreamin.mp3','California Dreamin''',30016,2,44100,16,256,'eFMZa7%7%NUH%lCX=@:X',348,33);
INSERT INTO Song VALUES(462,10,'01-20- Mr Tambourine Man.mp3','Mr. Tambourine Man',30016,2,44100,16,256,'\;ZXegQ5\AT=IG]1X_kq',180,33);
INSERT INTO Song VALUES(463,10,'01-21- How Do You Do It.mp3','How Do You Do It?',30016,2,44100,16,257,'0II+X#<Z#oO-]%`Lrb]S',349,33);
INSERT INTO Song VALUES(464,10,'01-22- Im Into Something Good.mp3','I''m Into Something Good',30016,2,44100,16,256,'%''C\rVs[d%JhAtHY:`''V',350,33);
INSERT INTO Song VALUES(465,10,'01-23- Pretty Flamingo.mp3','Pretty Flamingo',30016,2,44100,16,257,'Q5](s&^=-B[;gU*W9\qL',351,33);
INSERT INTO Song VALUES(466,10,'01-24- Build Me Up Buttercup.mp3','Build Me Up Buttercup',30016,2,44100,16,256,':Y3nHg*opPTi5iNOlA/"',352,33);
INSERT INTO Song VALUES(467,10,'01-25- Brown Eyed Girl.mp3','Brown Eyed Girl',30016,2,44100,16,256,'>.sQiH&#W<Ule7W:NJTr',353,33);
INSERT INTO Song VALUES(468,10,'01-26- All Day And All Of The Night.mp3','All Day And All Of The Night',30016,2,44100,16,256,'H"5hIq8cSPK<3[6N_7ZC',253,33);
INSERT INTO Song VALUES(469,10,'01-27- Wild Thing.mp3','Wild Thing',30016,2,44100,16,256,'$@CI^=3+SRL\n_U4tqPK',252,33);
INSERT INTO Song VALUES(470,10,'01-28- A Whiter Shade Of Pale.mp3','A Whiter Shade Of Pale',35005,2,44100,16,256,'N8OgNN=0#HKRM]]n"m''#',354,33);
INSERT INTO Song VALUES(471,10,'01-29- Nights In White Satin.mp3','Nights In White Satin',30016,2,44100,16,256,'8R2uEa!tAiJbDJqj$kjj',355,33);
INSERT INTO Song VALUES(472,10,'01-30- House Of The Rising Sun.mp3','House Of The Rising Sun',30016,2,44100,16,256,'$/&()qSQE&Y2;1SK+!cj',160,33);
INSERT INTO Song VALUES(473,10,'01-31- Something In The Air.mp3','Something In The Air',30016,2,44100,16,256,'2YYRE8$,\hYLVW3(cTfI',289,33);
INSERT INTO Song VALUES(474,10,'01-32- Both Sides Now.mp3','Both Sides Now',30016,2,44100,16,256,'Af9uIA.r(IUM.&.PQMqf',356,33);
INSERT INTO Song VALUES(475,10,'01-33- Good Vibrations.mp3','Good Vibrations',30016,2,44100,16,256,'#fhRX:Zbm''PZ8ZPglu[Y',357,33);
INSERT INTO Song VALUES(476,10,'01-35- Somethings Gotten Hold of My Heart.mp3','Something''s Gotten Hold of My Heart',30016,2,44100,16,256,'dhBOg0:>tWW8"CEK9*r^',358,33);
INSERT INTO Song VALUES(477,10,'01-40- Everybodys Talkin.mp3','Everybody''s Talkin''',30016,2,44100,16,256,'5K]$`CP>e&S\,uD1"3(4',359,33);
INSERT INTO Song VALUES(478,10,'01-41- Where Do You Go to (My Lovely).mp3','Where Do You Go to (My Lovely)',30016,2,44100,16,256,'JGKVmUTRe8ZfJ&.ae=!:',360,33);
INSERT INTO Song VALUES(479,10,'01-42- Catch The Wind.mp3','Catch The Wind',30016,2,44100,16,256,'lkAo1FbW_ST=h)u#B!/-',172,33);
INSERT INTO Song VALUES(480,10,'01-44- Anyone Who Had A Heart.mp3','Anyone Who Had A Heart',30016,2,44100,16,256,'T-D[J51rspN;5?oOZ9fX',361,33);
INSERT INTO Song VALUES(481,10,'01-45- Ferry Cross the Mersey (Mono) [2002 Remastered Version].mp3','Ferry Cross the Mersey',30016,2,44100,16,256,'0UPhKf0WJmK4"`H_lNhq',349,33);
INSERT INTO Song VALUES(482,10,'01-46- Just One Look.mp3','Just One Look',30016,2,44100,16,256,'I)VlSB&m%G\PO&-gnp.*',296,33);
INSERT INTO Song VALUES(483,10,'01-47- Sweets for My Sweet.mp3','Sweets for My Sweet',30016,2,44100,16,256,'/Ba$NG(<q>S4fralar./',362,33);
INSERT INTO Song VALUES(484,10,'01-48- Downtown.mp3','Downtown',30016,2,44100,16,256,'mU`_jk/UPV\GVqC?B&J)',363,33);
INSERT INTO Song VALUES(485,10,'01-50- Im A Believer.mp3','I''m A Believer',30016,2,44100,16,256,'kd;<:-f\=YT0=''u7eC$&',340,33);
INSERT INTO Song VALUES(486,10,'01-51- The Sun Aint Gonna Shine Anymore.mp3','The Sun Ain''t Gonna Shine Anymore',30016,2,44100,16,256,'7QDV.DZE[k\^da@`*e?!',364,33);
INSERT INTO Song VALUES(487,10,'01-52- Weve Gotta Get Out of This Place.mp3','We''ve Gotta Get Out of This Place',30016,2,44100,16,256,'+A;PtP>YWiTsu?J+>aUM',160,33);
INSERT INTO Song VALUES(488,10,'01-53- Pictures of Matchstick Men.mp3','Pictures of Matchstick Men',30016,2,44100,16,256,'o",mumrhY.\\8-T:lObX',263,33);
INSERT INTO Song VALUES(489,10,'01-54- Sunny Afternoon.mp3','Sunny Afternoon',30016,2,44100,16,256,'6o1XgADL>7SQt$6/a&t,',253,33);
INSERT INTO Song VALUES(490,10,'01-55- (If Paradise Is) Half As Nice.mp3','(If Paradise Is) Half As Nice',30016,2,44100,16,256,'0rQAa3Q#(@R[+q!dfj:X',365,33);
INSERT INTO Song VALUES(491,10,'01-56- Summer In The City.mp3','Summer In The City',30016,2,44100,16,256,'6LW3f53#cqRK5>#KOE_1',366,33);
INSERT INTO Song VALUES(492,10,'01-57- Be My Baby.mp3','Be My Baby',30016,2,44100,16,256,'WZDdch0r0<R+%7sNpdUs',367,33);
INSERT INTO Song VALUES(493,10,'01-58- Then He Kissed Me.mp3','Then He Kissed Me',30016,2,44100,16,256,'kUV)''Bp2l,OO9@7V(8JM',368,33);
INSERT INTO Song VALUES(494,10,'01-59- Leader Of The Pack.mp3','Leader Of The Pack',30016,2,44100,16,256,',f.[]KU#QFNnN]f''.d9r',369,33);
INSERT INTO Song VALUES(495,10,'01-60- I Got You Babe.mp3','I Got You Babe',30016,2,44100,16,256,'U!!pRYJ4=:P?j-0Xt\@#',370,33);
INSERT INTO Song VALUES(496,10,'01-61- First Cut Is the deepest.mp3','First Cut Is the deepest',30016,2,44100,16,256,'kLOLpg>5g7NrRB\DGJ*I',371,33);
INSERT INTO Song VALUES(497,10,'01-62- Israelites.mp3','Israelites',30016,2,44100,16,256,'ES?4X/"9AXMJFK&+[n7.',335,33);
INSERT INTO Song VALUES(498,10,'01-63- If I Had A Hammer.mp3','If I Had A Hammer',30016,2,44100,16,256,'>PXb:DqJ)oPEQP\m(rCD',372,33);
INSERT INTO Song VALUES(499,10,'01-64- Come On Over To My Place.mp3','Come On Over To My Place',30016,2,44100,16,256,'n9Cd;D(Snf^L05Tbk,H5',294,33);
INSERT INTO Song VALUES(500,10,'01-67- Mustang Sally.mp3','Mustang Sally',30016,2,44100,16,256,'N1LnUcbs+;V>;Y4?AYtO',373,33);
INSERT INTO Song VALUES(501,10,'01-68- Respect.mp3','Respect',30016,2,44100,16,256,'7A5&G>7+\>\dF(H(0G*H',343,33);
INSERT INTO Song VALUES(502,10,'01-69- Its Not Unusual.mp3','It''s Not Unusual',30016,2,44100,16,256,'"#A;+BFIf^Oi+hcQ!deC',374,33);
INSERT INTO Song VALUES(503,10,'01-70- Knock On Wood.mp3','Knock On Wood',30016,2,44100,16,256,'ppjWTaX''p:UC7/&-FqQ#',375,33);
INSERT INTO Song VALUES(504,10,'01-71- Rescue Me.mp3','Rescue Me',30016,2,44100,16,256,']6QCLU;^BWPrst7R6M9D',376,33);
INSERT INTO Song VALUES(505,10,'01-72- (I Get The) Sweetest Feeling.mp3','(I Get The) Sweetest Feeling',30016,2,44100,16,256,'@GGT''TW_N.RtO7"J>60.',377,33);
INSERT INTO Song VALUES(506,10,'01-73- In The Midnight Hour.mp3','In The Midnight Hour',30016,2,44100,16,256,'Y9qu''bA^h''Ul6;ir8&f?',373,33);
INSERT INTO Song VALUES(507,10,'01-74- Dancing In The Street.mp3','Dancing In The Street',30016,2,44100,16,256,'4FfJpa])C<O%m''T@fLmQ',211,33);
INSERT INTO Song VALUES(508,10,'01-75- My Girl.mp3','My Girl',30016,2,44100,16,256,'O!+m*RL`=dO7J_8pc-]h',338,33);
INSERT INTO Song VALUES(509,11,'01-01- Everyday People.mp3','Everyday People',30016,2,44100,16,256,']mH4#;*.kNJOAHOWnkJO',378,34);
INSERT INTO Song VALUES(510,11,'01-02- Lady Marmalade.mp3','Lady Marmalade',30016,2,44100,16,256,';S0(ta&l^:[2Q,!Q$NM*',379,34);
INSERT INTO Song VALUES(511,11,'01-05- To Love Somebody.mp3','To Love Somebody',30016,2,44100,16,256,'STWq-5OV]&Td$DOb#+L8',380,34);
INSERT INTO Song VALUES(512,11,'01-06- Lovely Day.mp3','Lovely Day',30016,2,44100,16,256,'lE(spL-/ftL$dP=bXJ/W',381,34);
INSERT INTO Song VALUES(513,11,'01-08- Walk on By.mp3','Walk On By',30016,2,44100,16,256,'ND$,OggO6g\)4tt\luk(',343,34);
INSERT INTO Song VALUES(514,11,'01-100- I ll Never Love This Way Again.mp3','I''ll Never Love This Way Again',30016,2,44100,16,256,'Af2K]Y"r+1MEIj#MkHt$',345,34);
INSERT INTO Song VALUES(515,11,'01-12- Fantasy.mp3','Fantasy',30016,2,44100,16,256,'%#j[!K<A7lOS[\SgXn;1',46,34);
INSERT INTO Song VALUES(516,11,'01-13- Rich Girl.mp3','Rich Girl',30016,2,44100,16,256,'3sKp''C/@i,ZMDmh^t!":',382,34);
INSERT INTO Song VALUES(517,11,'01-15- Play That Funky Music.mp3','Play That Funky Music',30016,2,44100,16,256,'hcpN*O(D\2\joa''&L.*,',383,34);
INSERT INTO Song VALUES(518,11,'01-16- Pick up the Pieces.mp3','Pick Up The Pieces',30016,2,44100,16,256,'q5k,U14E7LQMW%T<)HZX',384,34);
INSERT INTO Song VALUES(519,11,'01-21- Love Really Hurts Without You.mp3','Love Really Hurts Without You',30016,2,44100,16,256,'oHoA:!G>@HZMV1F,0d6A',89,34);
INSERT INTO Song VALUES(520,11,'01-22- Give Me Just a Little More Time.mp3','Give Me Just A Little More Time',30016,2,44100,16,256,'SB5ie2iUkU^)6h4675==',385,34);
INSERT INTO Song VALUES(521,11,'01-23- Love Train.mp3','Love Train',30016,2,44100,16,256,'ON`;1T0ZYtPB\nVbVN<S',386,34);
INSERT INTO Song VALUES(522,11,'01-24- I m Doin Fine Now.mp3','I''m Doin'' Fine Now',30016,2,44100,16,256,'5\b]2?4U$+Vs%1"h!ZM%',387,34);
INSERT INTO Song VALUES(523,11,'01-25- Hold Back the Night.mp3','Hold Back The Night',30016,2,44100,16,256,')Ee0i?kclVO&8QJ''cZ6/',66,34);
INSERT INTO Song VALUES(524,11,'01-31- If You Don t Know Me by Now.mp3','If You Don''t Know Me By Now',30016,2,44100,16,256,'0&VGR"r(&O\C0e9jblHZ',388,34);
INSERT INTO Song VALUES(525,11,'01-33- Didn t I (Blow Your Mind This Time).mp3','Didn''t I (Blow Your Mind This Time)',30016,2,44100,16,256,'H-g9RL8J5hV+Zpm5R[@>',389,34);
INSERT INTO Song VALUES(526,11,'01-38- I Can See Clearly Now.mp3','I Can See Clearly Now',30016,2,44100,16,256,'BT&5iR"nZ)K)U4l@&80O',390,34);
INSERT INTO Song VALUES(527,11,'01-39- When You Get Right Down to It.mp3','When You Get Right Down To It',30016,2,44100,16,256,'-rjk>PJCFN[4MH.=<4)b',391,34);
INSERT INTO Song VALUES(528,11,'01-41- Ain t No Stoppin Us Now.mp3','Ain''t No Stoppin'' Us Now',30016,2,44100,16,256,'`"gGC`Pkn/J3WM>T.W%1',392,34);
INSERT INTO Song VALUES(529,11,'01-43- Show You the Way to Go.mp3','Show You The Way To Go',30016,2,44100,16,256,'[ME8sAeA<qPGh_cf2PM9',58,34);
INSERT INTO Song VALUES(530,11,'01-44- When Will I See You Again.mp3','When Will I See You Again',30016,2,44100,16,256,':]''WEI/$QMK@#cK-+Clt',393,34);
INSERT INTO Song VALUES(531,11,'01-53- Ride a Wild Horse.mp3','Ride A Wild Horse',30016,2,44100,16,256,'NW&GloNbQSKYJJCRmX^8',394,34);
INSERT INTO Song VALUES(532,11,'01-54- Do It Any Way You Wanna.mp3','Do It Any Way You Wanna',30016,2,44100,16,256,']Esp);RKaFX#dF9mYf0]',395,34);
INSERT INTO Song VALUES(533,11,'01-55- Let s Groove.mp3','Let''s Groove',30016,2,44100,16,256,'c20PF3eUX>UdAmhib1+;',396,34);
INSERT INTO Song VALUES(534,11,'01-56- The Sweetest Pain.mp3','The Sweetest Pain',30016,2,44100,16,256,'8Z+8TS/PFq]jHY%ft>sQ',397,34);
INSERT INTO Song VALUES(535,11,'01-57- Personally.mp3','Personally',30016,2,44100,16,256,'W/LMT+^IqC^,uNO5e/&^',398,34);
INSERT INTO Song VALUES(536,11,'01-58- We Do It.mp3','We Do It',30016,2,44100,16,256,'RN?7+^"H4lXlP^)Nnki-',399,34);
INSERT INTO Song VALUES(537,11,'01-61- Piece of My Heart.mp3','Piece Of My Heart',30016,2,44100,16,256,'S?L\DACseWV_.a`VrAm^',400,34);
INSERT INTO Song VALUES(538,11,'01-62- Get Down with It.mp3','Get Down With It',30016,2,44100,16,256,'4XPH=/tc#i[u5-"]K7/I',117,34);
INSERT INTO Song VALUES(539,11,'01-63- My Guy.mp3','My Guy',30016,2,44100,16,256,'#o6G)"-?UdW.L2":pKkJ',343,34);
INSERT INTO Song VALUES(540,11,'01-64- (You Got Me) Danglin on a String.mp3','(You Got Me) Danglin'' On A String',30016,2,44100,16,256,'Iq>\t\P5pcU<ra&dU)rV',385,34);
INSERT INTO Song VALUES(541,11,'01-65- Soul Time.mp3','Soul Time',30016,2,44100,16,256,'ZY(V`[dI<GL+:b0i`J!p',401,34);
INSERT INTO Song VALUES(542,11,'01-67- Family Affair.mp3','Family Affair',30016,2,44100,16,256,'[n\;iMu$bnR/*WgZ3\_n',378,34);
INSERT INTO Song VALUES(543,11,'01-70- Home Is Where the Heart Is.mp3','Home Is Where The Heart Is',30016,2,44100,16,256,'Of=OTO:bF=\[ip''aZ[9P',402,34);
INSERT INTO Song VALUES(544,11,'01-71- Summer Breeze, Pt 1.mp3','Summer Breeze, Pt. 1',30016,2,44100,16,256,'"BL&&1l5E0KqU$@$Yaiu',184,34);
INSERT INTO Song VALUES(545,11,'01-75- Deeper & Deeper.mp3','Deeper & Deeper',30016,2,44100,16,256,'cEVT7n''"\UUpb.*9fD$7',403,34);
INSERT INTO Song VALUES(546,11,'01-80- Ain t No Sunshine.mp3','Ain''t No Sunshine',30016,2,44100,16,256,'nl)lSe-As0L^MR,i>`s?',381,34);
INSERT INTO Song VALUES(547,11,'01-81- Don t Leave Me This Way.mp3','Don''t Leave Me This Way',30016,2,44100,16,256,'JYJ"_X8,b4\a''^\-Gqba',388,34);
INSERT INTO Song VALUES(548,11,'01-82- Best of My Love.mp3','Best Of My Love',30016,2,44100,16,256,':*.F''9]K1&^>>D+=/0%%',53,34);
INSERT INTO Song VALUES(549,11,'01-83- Soul City Walk.mp3','Soul City Walk',30016,2,44100,16,256,'%uf1d,''mU"OrtW3^HpT:',396,34);
INSERT INTO Song VALUES(550,11,'01-84- Rock the Boat.mp3','Rock The Boat',30016,2,44100,16,256,'Gl*M!4O7>;NV@L-''F-QD',404,34);
INSERT INTO Song VALUES(551,11,'01-85- Armed & Extremely Dangerous.mp3','Armed & Extremely Dangerous',30016,2,44100,16,256,'m;PiVm^H=%VS[PibS,3Y',405,34);
INSERT INTO Song VALUES(552,11,'01-90- After the Love Has Gone.mp3','After The Love Has Gone',30016,2,44100,16,256,'j;$gPAb]=*TdsR*E7:P]',46,34);
INSERT INTO Song VALUES(553,11,'01-93- High Wire.mp3','High Wire',30016,2,44100,16,256,'dq[u4b_]9VU,<`cYN,\6',406,34);
INSERT INTO Song VALUES(554,11,'01-98- Too Much, Too Little, Too Late.mp3','Too Much, Too Little, Too Late',30016,2,44100,16,256,'A[s?bJ\Y,`Njmka:8XHR',407,34);
INSERT INTO Song VALUES(555,12,'01 Crazy.mp3','Crazy',30016,2,44100,16,256,'a<`7mb9''m@Y+Kj9g7VP0',408,35);
INSERT INTO Song VALUES(556,12,'01 Hey Ya!.mp3','Hey Ya!',30016,2,44100,16,256,'ePSarplJa\SWXq_E`DPd',409,36);
INSERT INTO Song VALUES(557,12,'01 Smooth Criminal.mp3','Smooth Criminal',30016,2,44100,16,256,'H*,SWlEXGRX*a0l>EXuT',410,37);
INSERT INTO Song VALUES(558,12,'02 Don''t Cha.mp3','Don''t Cha',30016,2,44100,16,256,'3nk+sc=1*NZC;<$l8.Rc',411,35);
INSERT INTO Song VALUES(559,12,'02 I Believe In A Thing Called Love.mp3','I Believe In A Thing Called Love',30016,2,44100,16,256,'`9G/$D$OBd^X?dq8M8NF',283,37);
INSERT INTO Song VALUES(560,12,'02 In Da Club.mp3','In Da Club',30016,2,44100,16,256,'/]kZ@`+r15R19OJ>)Q-I',412,36);
INSERT INTO Song VALUES(561,12,'03 Dance, Dance.mp3','Dance, Dance',30016,2,44100,16,256,'b_WAkb#MJ=Uj*01]*Ld=',413,37);
INSERT INTO Song VALUES(562,12,'03 Don''t Stop Movin''.mp3','Don''t Stop Movin''',30016,2,44100,16,256,'e"^u.OciT]\WgK1"som1',414,35);
INSERT INTO Song VALUES(563,12,'03 Ride Wit Me.mp3','Ride Wit Me',30016,2,44100,16,256,'3]A0MlV:Q4XAZN-.uA4^',415,36);
INSERT INTO Song VALUES(564,12,'04 Push The Button.mp3','Push The Button',30016,2,44100,16,256,'0mBL[?>3AiM;<R78pc83',416,35);
INSERT INTO Song VALUES(565,12,'04 So Sick.mp3','So Sick',30016,2,44100,16,256,'HPTLH@Q[PUN&0ec)[Ta?',417,36);
INSERT INTO Song VALUES(566,12,'05 Dy-Na-Mi-Tee.mp3','Dy-Na-Mi-Tee',30016,2,44100,16,256,',n1>nU&\*pURYtQ:''oE0',418,36);
INSERT INTO Song VALUES(567,12,'05 Last Resort.mp3','Last Resort',30016,2,44100,16,256,'fL=S)@"),QQJ(_1HB;''%',419,37);
INSERT INTO Song VALUES(568,12,'05 Love Machine.mp3','Love Machine',30016,2,44100,16,256,'9+#<cNX8]]PgaE]]np*/',420,35);
INSERT INTO Song VALUES(569,12,'06 Just A Little.mp3','Just A Little',30016,2,44100,16,256,'4PnC"K32IY\s$QFGJ24T',421,35);
INSERT INTO Song VALUES(570,12,'06 Shut Up.mp3','Shut Up',30016,2,44100,16,256,'pVp:g:%(q([H821-!.QR',422,36);
INSERT INTO Song VALUES(571,12,'06 This Love.mp3','This Love',30016,2,44100,16,256,'JS#k(UB+^dP"QK_Q<!/X',423,37);
INSERT INTO Song VALUES(572,12,'07 Maneater.mp3','Maneater',30016,2,44100,16,256,')"5=AB6INoPDJ^Fie*VF',424,35);
INSERT INTO Song VALUES(573,12,'07 Naive.mp3','Naive',30016,2,44100,16,256,'kUsCJ:\S+kZ5gX453a/F',425,37);
INSERT INTO Song VALUES(574,12,'08 Dip It Low.mp3','Dip It Low',30016,2,44100,16,256,'9k3TncCS:3Y]l"O`BDi#',426,36);
INSERT INTO Song VALUES(575,12,'08 Pure & Simple.mp3','Pure & Simple',30016,2,44100,16,256,'[Z,,]-0J6>[*_ZuR+(57',427,35);
INSERT INTO Song VALUES(576,12,'08 Year 3000.mp3','Year 3000',30016,2,44100,16,256,';+/V%`VEZ5TbXT<!%p3?',428,37);
INSERT INTO Song VALUES(577,12,'09 I Don''t Feel Like Dancin''.mp3','I Don''t Feel Like Dancin''',30016,2,44100,16,256,'JK(fsOKr/TZp:9b0[338',43,35);
INSERT INTO Song VALUES(578,12,'09 Never Leave You (Uh Oooh, Uh Oooh).mp3','Never Leave You (Uh Oooh, Uh Oooh)',30016,2,44100,16,256,'^e+7J@g,[>R(Sk8`pXs7',429,36);
INSERT INTO Song VALUES(579,12,'09 Wherever You Will Go.mp3','Wherever You Will Go',30016,2,44100,16,256,'"0Br#2LJ?GW3]0aluBZc',4,37);
INSERT INTO Song VALUES(580,12,'10 How You Remind Me.mp3','How You Remind Me',30016,2,44100,16,256,'''@JTiFd?-JOQB>6Q%!Vh',430,37);
INSERT INTO Song VALUES(581,12,'10 It Wasn''t Me.mp3','It Wasn''t Me',30016,2,44100,16,256,'dI$#fmFtYWQ(W+HB!m5\',431,36);
INSERT INTO Song VALUES(582,12,'10 Murder On The Dancefloor.mp3','Murder On The Dancefloor',30016,2,44100,16,256,'XV/!>\Y`2_Q\_<u<#=''-',432,35);
INSERT INTO Song VALUES(583,12,'11 Call On Me.mp3','Call On Me',30016,2,44100,16,256,'4\XS:LqHd^UQtQ<C*Z`W',433,35);
INSERT INTO Song VALUES(584,12,'11 It''s All Coming Back To Me Now.mp3','It''s All Coming Back To Me Now',30016,2,44100,16,256,'df26<@`VF1Q^hf^ZH#]D',245,37);
INSERT INTO Song VALUES(585,12,'12 America.mp3','America',30016,2,44100,16,256,'[QoUK_JNYQWaLD4cm61+',434,37);
INSERT INTO Song VALUES(586,12,'12 Round Round.mp3','Round Round',30016,2,44100,16,256,'/m%sdH[nu_]U\lFoUh[6',416,36);
INSERT INTO Song VALUES(587,12,'13 Bad Day.mp3','Bad Day',30016,2,44100,16,256,'\l]J9Z)Cs@S66VEkH7G''',435,37);
INSERT INTO Song VALUES(588,12,'13 Be Faithful.mp3','Be Faithful',30016,2,44100,16,256,'?P$[>@#86OZbA,H(FX9B',436,35);
INSERT INTO Song VALUES(589,12,'13 Sound Of The Underground.mp3','Sound Of The Underground',30016,2,44100,16,256,'VT]N2]s:ZLZRVK=\1A0(',420,36);
INSERT INTO Song VALUES(590,12,'14 Being Nobody.mp3','Being Nobody',30016,2,44100,16,256,'1IkO)+gG%sP])rJY5u(0',421,36);
INSERT INTO Song VALUES(591,12,'14 Complicated.mp3','Complicated',30016,2,44100,16,256,'3qGV8Kl^G4SYm?oC5L!9',437,37);
INSERT INTO Song VALUES(592,12,'14 Make Luv.mp3','Make Luv',30016,2,44100,16,256,'m5PR>*Ud+%NBk<Gi/l=]',438,35);
INSERT INTO Song VALUES(593,12,'15 Always Come Back To Your Love.mp3','Always Come Back To Your Love',30016,2,44100,16,256,'Lj^djHl#uAYTN!V5R".b',439,35);
INSERT INTO Song VALUES(594,12,'15 Maybe Tomorrow.mp3','Maybe Tomorrow',30016,2,44100,16,256,'G.rMtA\:imTu+(CX[3''+',282,37);
INSERT INTO Song VALUES(595,12,'15 Sleeping With The Light On.mp3','Sleeping With The Light On',30016,2,44100,16,256,'d4nc[DfK*gQo@fX"OPb*',428,36);
INSERT INTO Song VALUES(596,12,'16 Four Minute Warning.mp3','Four Minute Warning',30016,2,44100,16,256,'RXm^aEVWOUM!,hi%#IAB',440,36);
INSERT INTO Song VALUES(597,12,'16 Left Outside Alone.mp3','Left Outside Alone',30016,2,44100,16,256,'4%@7`.eQqRPpmL.d&IoD',441,37);
INSERT INTO Song VALUES(598,12,'16 What Took You So Long-.mp3','What Took You So Long?',30016,2,44100,16,256,'X#0?OMP4=<[3ncA:NmOo',442,35);
INSERT INTO Song VALUES(599,12,'17 No Tomorrow.mp3','No Tomorrow',23720,2,44100,16,257,'$$Xs#ZCb?IXkA/-B9T_o',443,35);
INSERT INTO Song VALUES(600,12,'17 One Love.mp3','One Love',30016,2,44100,16,256,':Q>U<*)0W$Qu'']uFe(uO',444,36);
INSERT INTO Song VALUES(601,12,'17 Sewn.mp3','Sewn',30016,2,44100,16,256,',dkXnC0jd#U)6M:j8`8C',445,37);
INSERT INTO Song VALUES(602,12,'18 Inner Smile.mp3','Inner Smile',30016,2,44100,16,256,'cs5"not=09TE.0R*UHk+',446,35);
INSERT INTO Song VALUES(603,12,'18 Out Of Reach.mp3','Out Of Reach',30016,2,44100,16,256,'fE''#<KlUE,T$$l$hW"<4',447,36);
INSERT INTO Song VALUES(604,12,'18 Patience.mp3','Patience',30016,2,44100,16,256,'7Iai6,''[IURBhG`63,2&',448,37);
INSERT INTO Song VALUES(605,12,'19 Fantasy.mp3','Fantasy',30016,2,44100,16,256,'cNp(da8]C<[HYpS`re)l',449,35);
INSERT INTO Song VALUES(606,12,'19 If Tomorrow Never Comes.mp3','If Tomorrow Never Comes',30016,2,44100,16,256,'-uP[K=@H=jZ7Rtrh]b/7',450,36);
INSERT INTO Song VALUES(607,12,'19 You Give Me Something.mp3','You Give Me Something',30016,2,44100,16,256,'jbAU*mm:CFJgTHl,YQh;',451,37);
INSERT INTO Song VALUES(608,12,'20 All The Things She Said.mp3','All The Things She Said',30016,2,44100,16,256,'/L&hjU$5XD[H:RsFA`I?',452,35);
INSERT INTO Song VALUES(609,12,'20 Whole Again.mp3','Whole Again',30016,2,44100,16,256,'\GVc!pj,j@YQi<C)>%T&',453,37);
INSERT INTO Song VALUES(610,12,'21 Don''t Worry.mp3','Don''t Worry',30016,2,44100,16,256,'oogfL<<Q2h\1<a2H>Q`]',449,37);
CREATE TABLE IF NOT EXISTS "BingoTicket" (
    pk INTEGER NOT NULL, 
    user INTEGER, 
    game INTEGER NOT NULL, 
    number INTEGER NOT NULL, 
    fingerprint VARCHAR(128) NOT NULL, 
    checked BIGINT NOT NULL, 
    PRIMARY KEY (pk), 
    UNIQUE (game, number), 
    FOREIGN KEY(user) REFERENCES "User" (pk), 
    FOREIGN KEY(game) REFERENCES "Game" (pk)
);
CREATE TABLE IF NOT EXISTS "Token" (
    pk INTEGER NOT NULL, 
    jti VARCHAR(36) NOT NULL, 
    token_type INTEGER NOT NULL, 
    username VARCHAR(32) NOT NULL, 
    user_pk INTEGER, 
    created DATETIME DEFAULT (CURRENT_TIMESTAMP) NOT NULL, 
    expires DATETIME, 
    revoked BOOLEAN NOT NULL, 
    PRIMARY KEY (pk), 
    FOREIGN KEY(user_pk) REFERENCES "User" (pk), 
    CHECK (revoked IN (0, 1))
);
CREATE TABLE IF NOT EXISTS "Track" (
    pk INTEGER NOT NULL, 
    number INTEGER NOT NULL, 
    start_time INTEGER NOT NULL, 
    game INTEGER NOT NULL, 
    song INTEGER NOT NULL, 
    PRIMARY KEY (pk), 
    UNIQUE (number, game), 
    FOREIGN KEY(game) REFERENCES "Game" (pk), 
    FOREIGN KEY(song) REFERENCES "Song" (pk)
);
CREATE TABLE IF NOT EXISTS "BingoTicket_Track" (
    bingoticket INTEGER NOT NULL, 
    track INTEGER NOT NULL, 
    "order" INTEGER NOT NULL, 
    PRIMARY KEY (bingoticket, track), 
    FOREIGN KEY(bingoticket) REFERENCES "BingoTicket" (pk), 
    FOREIGN KEY(track) REFERENCES "Track" (pk)
);
CREATE UNIQUE INDEX "ix_Album_name" ON "Album" (name);
CREATE UNIQUE INDEX "ix_Artist_name" ON "Artist" (name);
CREATE INDEX "ix_Directory_title" ON "Directory" (title);
CREATE UNIQUE INDEX "ix_Directory_name" ON "Directory" (name);
CREATE INDEX "ix_Song_filename" ON "Song" (filename);
CREATE INDEX "ix_Song_title" ON "Song" (title);
CREATE INDEX "ix_Song_uuid" ON "Song" (uuid);
COMMIT;
